timestamp,room_anon
2025-04-11 23:11:48.447819,3486577c
2025-04-11 23:12:18.447819,8aec6083
2025-04-11 23:12:48.447819,a05e6feb
2025-04-11 23:13:18.447819,a05e6feb
2025-04-11 23:13:48.447819,a05e6feb
2025-04-11 23:14:18.447819,3486577c
2025-04-11 23:14:48.447819,8aec6083
2025-04-11 23:15:18.447819,8aec6083
2025-04-11 23:15:48.447819,3486577c
2025-04-11 23:16:18.447819,8aec6083
2025-04-11 23:16:48.447819,a05e6feb
2025-04-11 23:17:18.447819,a05e6feb
2025-04-11 23:17:48.447819,a05e6feb
2025-04-11 23:18:18.447819,a05e6feb
2025-04-11 23:18:48.447819,a05e6feb
2025-04-11 23:19:18.447819,8aec6083
2025-04-11 23:19:48.447819,3171d89a
2025-04-11 23:20:18.447819,8aec6083
2025-04-11 23:20:48.447819,a05e6feb
2025-04-11 23:21:18.447819,3486577c
2025-04-11 23:21:48.447819,3486577c
2025-04-11 23:22:18.447819,3486577c
2025-04-11 23:22:48.447819,3171d89a
2025-04-11 23:23:18.447819,3486577c
2025-04-11 23:23:48.447819,3171d89a
2025-04-11 23:24:18.447819,a05e6feb
2025-04-11 23:24:48.447819,3171d89a
2025-04-11 23:25:18.447819,a05e6feb
2025-04-11 23:25:48.447819,a05e6feb
2025-04-11 23:26:18.447819,a05e6feb
2025-04-11 23:26:48.447819,8aec6083
2025-04-11 23:27:18.447819,3171d89a
2025-04-11 23:27:48.447819,a05e6feb
2025-04-11 23:28:18.447819,3486577c
2025-04-11 23:28:48.447819,8aec6083
2025-04-11 23:29:18.447819,3171d89a
2025-04-11 23:29:48.447819,8aec6083
2025-04-11 23:30:18.447819,3171d89a
2025-04-11 23:30:48.447819,8aec6083
2025-04-11 23:31:18.447819,a05e6feb
2025-04-11 23:31:48.447819,3486577c
2025-04-11 23:32:18.447819,3171d89a
2025-04-11 23:32:48.447819,3171d89a
2025-04-11 23:33:18.447819,3486577c
2025-04-11 23:33:48.447819,a05e6feb
2025-04-11 23:34:18.447819,8aec6083
2025-04-11 23:34:48.447819,a05e6feb
2025-04-11 23:35:18.447819,a05e6feb
2025-04-11 23:35:48.447819,8aec6083
2025-04-11 23:36:18.447819,3486577c
2025-04-11 23:36:48.447819,a05e6feb
2025-04-11 23:37:18.447819,a05e6feb
2025-04-11 23:37:48.447819,8aec6083
2025-04-11 23:38:18.447819,3171d89a
2025-04-11 23:38:48.447819,3171d89a
2025-04-11 23:39:18.447819,8aec6083
2025-04-11 23:39:48.447819,8aec6083
2025-04-11 23:40:18.447819,3486577c
2025-04-11 23:40:48.447819,3486577c
2025-04-11 23:41:18.447819,3486577c
2025-04-11 23:41:48.447819,8aec6083
2025-04-11 23:42:18.447819,3486577c
2025-04-11 23:42:48.447819,3486577c
2025-04-11 23:43:18.447819,8aec6083
2025-04-11 23:43:48.447819,3171d89a
2025-04-11 23:44:18.447819,a05e6feb
2025-04-11 23:44:48.447819,3486577c
2025-04-11 23:45:18.447819,a05e6feb
2025-04-11 23:45:48.447819,a05e6feb
2025-04-11 23:46:18.447819,3486577c
2025-04-11 23:46:48.447819,8aec6083
2025-04-11 23:47:18.447819,3486577c
2025-04-11 23:47:48.447819,a05e6feb
2025-04-11 23:48:18.447819,a05e6feb
2025-04-11 23:48:48.447819,3486577c
2025-04-11 23:49:18.447819,a05e6feb
2025-04-11 23:49:48.447819,a05e6feb
2025-04-11 23:50:18.447819,3486577c
2025-04-11 23:50:48.447819,a05e6feb
2025-04-11 23:51:18.447819,8aec6083
2025-04-11 23:51:48.447819,3486577c
2025-04-11 23:52:18.447819,3486577c
2025-04-11 23:52:48.447819,3486577c
2025-04-11 23:53:18.447819,8aec6083
2025-04-11 23:53:48.447819,a05e6feb
2025-04-11 23:54:18.447819,a05e6feb
2025-04-11 23:54:48.447819,8aec6083
2025-04-11 23:55:18.447819,a05e6feb
2025-04-11 23:55:48.447819,8aec6083
2025-04-11 23:56:18.447819,8aec6083
2025-04-11 23:56:48.447819,a05e6feb
2025-04-11 23:57:18.447819,3486577c
2025-04-11 23:57:48.447819,8aec6083
2025-04-11 23:58:18.447819,a05e6feb
2025-04-11 23:58:48.447819,8aec6083
2025-04-11 23:59:18.447819,8aec6083
2025-04-11 23:59:48.447819,a05e6feb
2025-04-12 00:00:18.447819,8aec6083
2025-04-12 00:00:48.447819,3171d89a
2025-04-12 00:01:18.447819,3171d89a
2025-04-12 00:01:48.447819,8aec6083
2025-04-12 00:02:18.447819,8aec6083
2025-04-12 00:02:48.447819,3486577c
2025-04-12 00:03:18.447819,a05e6feb
2025-04-12 00:03:48.447819,a05e6feb
2025-04-12 00:04:18.447819,3486577c
2025-04-12 00:04:48.447819,3486577c
2025-04-12 00:05:18.447819,3486577c
2025-04-12 00:05:48.447819,3486577c
2025-04-12 00:06:18.447819,3171d89a
2025-04-12 00:06:48.447819,3171d89a
2025-04-12 00:07:18.447819,8aec6083
2025-04-12 00:07:48.447819,8aec6083
2025-04-12 00:08:18.447819,3171d89a
2025-04-12 00:08:48.447819,3486577c
2025-04-12 00:09:18.447819,8aec6083
2025-04-12 00:09:48.447819,8aec6083
2025-04-12 00:10:18.447819,8aec6083
2025-04-12 00:10:48.447819,3171d89a
2025-04-12 00:11:18.447819,a05e6feb
2025-04-12 00:11:48.447819,a05e6feb
2025-04-12 00:12:18.447819,8aec6083
2025-04-12 00:12:48.447819,a05e6feb
2025-04-12 00:13:18.447819,a05e6feb
2025-04-12 00:13:48.447819,8aec6083
2025-04-12 00:14:18.447819,3486577c
2025-04-12 00:14:48.447819,3171d89a
2025-04-12 00:15:18.447819,a05e6feb
2025-04-12 00:15:48.447819,8aec6083
2025-04-12 00:16:18.447819,8aec6083
2025-04-12 00:16:48.447819,a05e6feb
2025-04-12 00:17:18.447819,3486577c
2025-04-12 00:17:48.447819,8aec6083
2025-04-12 00:18:18.447819,3486577c
2025-04-12 00:18:48.447819,8aec6083
2025-04-12 00:19:18.447819,8aec6083
2025-04-12 00:19:48.447819,3171d89a
2025-04-12 00:20:18.447819,3486577c
2025-04-12 00:20:48.447819,3171d89a
2025-04-12 00:21:18.447819,8aec6083
2025-04-12 00:21:48.447819,3171d89a
2025-04-12 00:22:18.447819,3171d89a
2025-04-12 00:22:48.447819,3486577c
2025-04-12 00:23:18.447819,3486577c
2025-04-12 00:23:48.447819,8aec6083
2025-04-12 00:24:18.447819,8aec6083
2025-04-12 00:24:48.447819,a05e6feb
2025-04-12 00:25:18.447819,3171d89a
2025-04-12 00:25:48.447819,3486577c
2025-04-12 00:26:18.447819,8aec6083
2025-04-12 00:26:48.447819,a05e6feb
2025-04-12 00:27:18.447819,3486577c
2025-04-12 00:27:48.447819,a05e6feb
2025-04-12 00:28:18.447819,3486577c
2025-04-12 00:28:48.447819,8aec6083
2025-04-12 00:29:18.447819,3171d89a
2025-04-12 00:29:48.447819,8aec6083
2025-04-12 00:30:18.447819,3171d89a
2025-04-12 00:30:48.447819,8aec6083
2025-04-12 00:31:18.447819,3486577c
2025-04-12 00:31:48.447819,3171d89a
2025-04-12 00:32:18.447819,3171d89a
2025-04-12 00:32:48.447819,3486577c
2025-04-12 00:33:18.447819,3171d89a
2025-04-12 00:33:48.447819,8aec6083
2025-04-12 00:34:18.447819,a05e6feb
2025-04-12 00:34:48.447819,3486577c
2025-04-12 00:35:18.447819,a05e6feb
2025-04-12 00:35:48.447819,3486577c
2025-04-12 00:36:18.447819,a05e6feb
2025-04-12 00:36:48.447819,a05e6feb
2025-04-12 00:37:18.447819,3171d89a
2025-04-12 00:37:48.447819,8aec6083
2025-04-12 00:38:18.447819,3486577c
2025-04-12 00:38:48.447819,a05e6feb
2025-04-12 00:39:18.447819,3486577c
2025-04-12 00:39:48.447819,8aec6083
2025-04-12 00:40:18.447819,a05e6feb
2025-04-12 00:40:48.447819,3486577c
2025-04-12 00:41:18.447819,a05e6feb
2025-04-12 00:41:48.447819,3486577c
2025-04-12 00:42:18.447819,3171d89a
2025-04-12 00:42:48.447819,3486577c
2025-04-12 00:43:18.447819,8aec6083
2025-04-12 00:43:48.447819,3486577c
2025-04-12 00:44:18.447819,3171d89a
2025-04-12 00:44:48.447819,3486577c
2025-04-12 00:45:18.447819,8aec6083
2025-04-12 00:45:48.447819,a05e6feb
2025-04-12 00:46:18.447819,3486577c
2025-04-12 00:46:48.447819,3486577c
2025-04-12 00:47:18.447819,3486577c
2025-04-12 00:47:48.447819,3486577c
2025-04-12 00:48:18.447819,8aec6083
2025-04-12 00:48:48.447819,3486577c
2025-04-12 00:49:18.447819,3171d89a
2025-04-12 00:49:48.447819,3171d89a
2025-04-12 00:50:18.447819,3171d89a
2025-04-12 00:50:48.447819,3486577c
2025-04-12 00:51:18.447819,a05e6feb
2025-04-12 00:51:48.447819,a05e6feb
2025-04-12 00:52:18.447819,3171d89a
2025-04-12 00:52:48.447819,3486577c
2025-04-12 00:53:18.447819,a05e6feb
2025-04-12 00:53:48.447819,a05e6feb
2025-04-12 00:54:18.447819,8aec6083
2025-04-12 00:54:48.447819,a05e6feb
2025-04-12 00:55:18.447819,3171d89a
2025-04-12 00:55:48.447819,8aec6083
2025-04-12 00:56:18.447819,3486577c
2025-04-12 00:56:48.447819,8aec6083
2025-04-12 00:57:18.447819,a05e6feb
2025-04-12 00:57:48.447819,8aec6083
2025-04-12 00:58:18.447819,3171d89a
2025-04-12 00:58:48.447819,8aec6083
2025-04-12 00:59:18.447819,8aec6083
2025-04-12 00:59:48.447819,a05e6feb
2025-04-12 01:00:18.447819,a05e6feb
2025-04-12 01:00:48.447819,a05e6feb
2025-04-12 01:01:18.447819,8aec6083
2025-04-12 01:01:48.447819,3486577c
2025-04-12 01:02:18.447819,8aec6083
2025-04-12 01:02:48.447819,3171d89a
2025-04-12 01:03:18.447819,a05e6feb
2025-04-12 01:03:48.447819,8aec6083
2025-04-12 01:04:18.447819,3486577c
2025-04-12 01:04:48.447819,a05e6feb
2025-04-12 01:05:18.447819,a05e6feb
2025-04-12 01:05:48.447819,a05e6feb
2025-04-12 01:06:18.447819,a05e6feb
2025-04-12 01:06:48.447819,3486577c
2025-04-12 01:07:18.447819,a05e6feb
2025-04-12 01:07:48.447819,8aec6083
2025-04-12 01:08:18.447819,3171d89a
2025-04-12 01:08:48.447819,8aec6083
2025-04-12 01:09:18.447819,3171d89a
2025-04-12 01:09:48.447819,3486577c
2025-04-12 01:10:18.447819,3171d89a
2025-04-12 01:10:48.447819,a05e6feb
2025-04-12 01:11:18.447819,a05e6feb
2025-04-12 01:11:48.447819,8aec6083
2025-04-12 01:12:18.447819,a05e6feb
2025-04-12 01:12:48.447819,3171d89a
2025-04-12 01:13:18.447819,3486577c
2025-04-12 01:13:48.447819,a05e6feb
2025-04-12 01:14:18.447819,8aec6083
2025-04-12 01:14:48.447819,a05e6feb
2025-04-12 01:15:18.447819,3486577c
2025-04-12 01:15:48.447819,3486577c
2025-04-12 01:16:18.447819,3486577c
2025-04-12 01:16:48.447819,3171d89a
2025-04-12 01:17:18.447819,a05e6feb
2025-04-12 01:17:48.447819,3486577c
2025-04-12 01:18:18.447819,3171d89a
2025-04-12 01:18:48.447819,8aec6083
2025-04-12 01:19:18.447819,3486577c
2025-04-12 01:19:48.447819,3486577c
2025-04-12 01:20:18.447819,a05e6feb
2025-04-12 01:20:48.447819,a05e6feb
2025-04-12 01:21:18.447819,8aec6083
2025-04-12 01:21:48.447819,3171d89a
2025-04-12 01:22:18.447819,8aec6083
2025-04-12 01:22:48.447819,3486577c
2025-04-12 01:23:18.447819,3486577c
2025-04-12 01:23:48.447819,8aec6083
2025-04-12 01:24:18.447819,8aec6083
2025-04-12 01:24:48.447819,8aec6083
2025-04-12 01:25:18.447819,8aec6083
2025-04-12 01:25:48.447819,8aec6083
2025-04-12 01:26:18.447819,a05e6feb
2025-04-12 01:26:48.447819,3171d89a
2025-04-12 01:27:18.447819,3171d89a
2025-04-12 01:27:48.447819,3486577c
2025-04-12 01:28:18.447819,8aec6083
2025-04-12 01:28:48.447819,3486577c
2025-04-12 01:29:18.447819,8aec6083
2025-04-12 01:29:48.447819,8aec6083
2025-04-12 01:30:18.447819,8aec6083
2025-04-12 01:30:48.447819,a05e6feb
2025-04-12 01:31:18.447819,3171d89a
2025-04-12 01:31:48.447819,8aec6083
2025-04-12 01:32:18.447819,8aec6083
2025-04-12 01:32:48.447819,a05e6feb
2025-04-12 01:33:18.447819,a05e6feb
2025-04-12 01:33:48.447819,3171d89a
2025-04-12 01:34:18.447819,3171d89a
2025-04-12 01:34:48.447819,a05e6feb
2025-04-12 01:35:18.447819,8aec6083
2025-04-12 01:35:48.447819,3486577c
2025-04-12 01:36:18.447819,3171d89a
2025-04-12 01:36:48.447819,a05e6feb
2025-04-12 01:37:18.447819,a05e6feb
2025-04-12 01:37:48.447819,3171d89a
2025-04-12 01:38:18.447819,3486577c
2025-04-12 01:38:48.447819,8aec6083
2025-04-12 01:39:18.447819,3486577c
2025-04-12 01:39:48.447819,8aec6083
2025-04-12 01:40:18.447819,8aec6083
2025-04-12 01:40:48.447819,a05e6feb
2025-04-12 01:41:18.447819,8aec6083
2025-04-12 01:41:48.447819,3171d89a
2025-04-12 01:42:18.447819,8aec6083
2025-04-12 01:42:48.447819,a05e6feb
2025-04-12 01:43:18.447819,3486577c
2025-04-12 01:43:48.447819,3171d89a
2025-04-12 01:44:18.447819,3486577c
2025-04-12 01:44:48.447819,a05e6feb
2025-04-12 01:45:18.447819,3486577c
2025-04-12 01:45:48.447819,8aec6083
2025-04-12 01:46:18.447819,3171d89a
2025-04-12 01:46:48.447819,8aec6083
2025-04-12 01:47:18.447819,a05e6feb
2025-04-12 01:47:48.447819,8aec6083
2025-04-12 01:48:18.447819,3486577c
2025-04-12 01:48:48.447819,3486577c
2025-04-12 01:49:18.447819,8aec6083
2025-04-12 01:49:48.447819,3171d89a
2025-04-12 01:50:18.447819,3171d89a
2025-04-12 01:50:48.447819,8aec6083
2025-04-12 01:51:18.447819,3486577c
2025-04-12 01:51:48.447819,3171d89a
2025-04-12 01:52:18.447819,3171d89a
2025-04-12 01:52:48.447819,8aec6083
2025-04-12 01:53:18.447819,a05e6feb
2025-04-12 01:53:48.447819,a05e6feb
2025-04-12 01:54:18.447819,3171d89a
2025-04-12 01:54:48.447819,a05e6feb
2025-04-12 01:55:18.447819,8aec6083
2025-04-12 01:55:48.447819,3486577c
2025-04-12 01:56:18.447819,3486577c
2025-04-12 01:56:48.447819,8aec6083
2025-04-12 01:57:18.447819,3171d89a
2025-04-12 01:57:48.447819,8aec6083
2025-04-12 01:58:18.447819,3171d89a
2025-04-12 01:58:48.447819,a05e6feb
2025-04-12 01:59:18.447819,8aec6083
2025-04-12 01:59:48.447819,a05e6feb
2025-04-12 02:00:18.447819,8aec6083
2025-04-12 02:00:48.447819,3171d89a
2025-04-12 02:01:18.447819,a05e6feb
2025-04-12 02:01:48.447819,3486577c
2025-04-12 02:02:18.447819,8aec6083
2025-04-12 02:02:48.447819,3486577c
2025-04-12 02:03:18.447819,a05e6feb
2025-04-12 02:03:48.447819,8aec6083
2025-04-12 02:04:18.447819,8aec6083
2025-04-12 02:04:48.447819,3486577c
2025-04-12 02:05:18.447819,a05e6feb
2025-04-12 02:05:48.447819,a05e6feb
2025-04-12 02:06:18.447819,a05e6feb
2025-04-12 02:06:48.447819,a05e6feb
2025-04-12 02:07:18.447819,a05e6feb
2025-04-12 02:07:48.447819,8aec6083
2025-04-12 02:08:18.447819,3171d89a
2025-04-12 02:08:48.447819,3486577c
2025-04-12 02:09:18.447819,8aec6083
2025-04-12 02:09:48.447819,3486577c
2025-04-12 02:10:18.447819,3486577c
2025-04-12 02:10:48.447819,a05e6feb
2025-04-12 02:11:18.447819,a05e6feb
2025-04-12 02:11:48.447819,a05e6feb
2025-04-12 02:12:18.447819,a05e6feb
2025-04-12 02:12:48.447819,8aec6083
2025-04-12 02:13:18.447819,3171d89a
2025-04-12 02:13:48.447819,3171d89a
2025-04-12 02:14:18.447819,3486577c
2025-04-12 02:14:48.447819,a05e6feb
2025-04-12 02:15:18.447819,8aec6083
2025-04-12 02:15:48.447819,3171d89a
2025-04-12 02:16:18.447819,3486577c
2025-04-12 02:16:48.447819,8aec6083
2025-04-12 02:17:18.447819,8aec6083
2025-04-12 02:17:48.447819,3486577c
2025-04-12 02:18:18.447819,3171d89a
2025-04-12 02:18:48.447819,a05e6feb
2025-04-12 02:19:18.447819,8aec6083
2025-04-12 02:19:48.447819,3486577c
2025-04-12 02:20:18.447819,8aec6083
2025-04-12 02:20:48.447819,3171d89a
2025-04-12 02:21:18.447819,3486577c
2025-04-12 02:21:48.447819,3486577c
2025-04-12 02:22:18.447819,3171d89a
2025-04-12 02:22:48.447819,a05e6feb
2025-04-12 02:23:18.447819,3171d89a
2025-04-12 02:23:48.447819,a05e6feb
2025-04-12 02:24:18.447819,8aec6083
2025-04-12 02:24:48.447819,3486577c
2025-04-12 02:25:18.447819,8aec6083
2025-04-12 02:25:48.447819,a05e6feb
2025-04-12 02:26:18.447819,a05e6feb
2025-04-12 02:26:48.447819,3171d89a
2025-04-12 02:27:18.447819,a05e6feb
2025-04-12 02:27:48.447819,3171d89a
2025-04-12 02:28:18.447819,3486577c
2025-04-12 02:28:48.447819,3171d89a
2025-04-12 02:29:18.447819,a05e6feb
2025-04-12 02:29:48.447819,3171d89a
2025-04-12 02:30:18.447819,3486577c
2025-04-12 02:30:48.447819,3486577c
2025-04-12 02:31:18.447819,3171d89a
2025-04-12 02:31:48.447819,3486577c
2025-04-12 02:32:18.447819,3171d89a
2025-04-12 02:32:48.447819,8aec6083
2025-04-12 02:33:18.447819,a05e6feb
2025-04-12 02:33:48.447819,3171d89a
2025-04-12 02:34:18.447819,a05e6feb
2025-04-12 02:34:48.447819,8aec6083
2025-04-12 02:35:18.447819,a05e6feb
2025-04-12 02:35:48.447819,3171d89a
2025-04-12 02:36:18.447819,3171d89a
2025-04-12 02:36:48.447819,8aec6083
2025-04-12 02:37:18.447819,3171d89a
2025-04-12 02:37:48.447819,a05e6feb
2025-04-12 02:38:18.447819,3171d89a
2025-04-12 02:38:48.447819,3171d89a
2025-04-12 02:39:18.447819,3486577c
2025-04-12 02:39:48.447819,3486577c
2025-04-12 02:40:18.447819,3486577c
2025-04-12 02:40:48.447819,3486577c
2025-04-12 02:41:18.447819,a05e6feb
2025-04-12 02:41:48.447819,3486577c
2025-04-12 02:42:18.447819,3486577c
2025-04-12 02:42:48.447819,a05e6feb
2025-04-12 02:43:18.447819,a05e6feb
2025-04-12 02:43:48.447819,3486577c
2025-04-12 02:44:18.447819,8aec6083
2025-04-12 02:44:48.447819,3486577c
2025-04-12 02:45:18.447819,8aec6083
2025-04-12 02:45:48.447819,3486577c
2025-04-12 02:46:18.447819,8aec6083
2025-04-12 02:46:48.447819,3486577c
2025-04-12 02:47:18.447819,8aec6083
2025-04-12 02:47:48.447819,a05e6feb
2025-04-12 02:48:18.447819,8aec6083
2025-04-12 02:48:48.447819,3486577c
2025-04-12 02:49:18.447819,3486577c
2025-04-12 02:49:48.447819,3486577c
2025-04-12 02:50:18.447819,8aec6083
2025-04-12 02:50:48.447819,3171d89a
2025-04-12 02:51:18.447819,8aec6083
2025-04-12 02:51:48.447819,a05e6feb
2025-04-12 02:52:18.447819,3171d89a
2025-04-12 02:52:48.447819,a05e6feb
2025-04-12 02:53:18.447819,3171d89a
2025-04-12 02:53:48.447819,3486577c
2025-04-12 02:54:18.447819,a05e6feb
2025-04-12 02:54:48.447819,a05e6feb
2025-04-12 02:55:18.447819,8aec6083
2025-04-12 02:55:48.447819,3171d89a
2025-04-12 02:56:18.447819,a05e6feb
2025-04-12 02:56:48.447819,8aec6083
2025-04-12 02:57:18.447819,8aec6083
2025-04-12 02:57:48.447819,3171d89a
2025-04-12 02:58:18.447819,3486577c
2025-04-12 02:58:48.447819,8aec6083
2025-04-12 02:59:18.447819,a05e6feb
2025-04-12 02:59:48.447819,3486577c
2025-04-12 03:00:18.447819,3486577c
2025-04-12 03:00:48.447819,3171d89a
2025-04-12 03:01:18.447819,8aec6083
2025-04-12 03:01:48.447819,a05e6feb
2025-04-12 03:02:18.447819,a05e6feb
2025-04-12 03:02:48.447819,a05e6feb
2025-04-12 03:03:18.447819,3486577c
2025-04-12 03:03:48.447819,3486577c
2025-04-12 03:04:18.447819,a05e6feb
2025-04-12 03:04:48.447819,a05e6feb
2025-04-12 03:05:18.447819,a05e6feb
2025-04-12 03:05:48.447819,a05e6feb
2025-04-12 03:06:18.447819,3171d89a
2025-04-12 03:06:48.447819,8aec6083
2025-04-12 03:07:18.447819,a05e6feb
2025-04-12 03:07:48.447819,a05e6feb
2025-04-12 03:08:18.447819,3171d89a
2025-04-12 03:08:48.447819,a05e6feb
2025-04-12 03:09:18.447819,3171d89a
2025-04-12 03:09:48.447819,8aec6083
2025-04-12 03:10:18.447819,a05e6feb
2025-04-12 03:10:48.447819,a05e6feb
2025-04-12 03:11:18.447819,3171d89a
2025-04-12 03:11:48.447819,a05e6feb
2025-04-12 03:12:18.447819,8aec6083
2025-04-12 03:12:48.447819,a05e6feb
2025-04-12 03:13:18.447819,a05e6feb
2025-04-12 03:13:48.447819,3171d89a
2025-04-12 03:14:18.447819,3486577c
2025-04-12 03:14:48.447819,8aec6083
2025-04-12 03:15:18.447819,8aec6083
2025-04-12 03:15:48.447819,3171d89a
2025-04-12 03:16:18.447819,8aec6083
2025-04-12 03:16:48.447819,a05e6feb
2025-04-12 03:17:18.447819,a05e6feb
2025-04-12 03:17:48.447819,a05e6feb
2025-04-12 03:18:18.447819,3486577c
2025-04-12 03:18:48.447819,3171d89a
2025-04-12 03:19:18.447819,3486577c
2025-04-12 03:19:48.447819,a05e6feb
2025-04-12 03:20:18.447819,8aec6083
2025-04-12 03:20:48.447819,a05e6feb
2025-04-12 03:21:18.447819,8aec6083
2025-04-12 03:21:48.447819,3171d89a
2025-04-12 03:22:18.447819,3171d89a
2025-04-12 03:22:48.447819,3486577c
2025-04-12 03:23:18.447819,a05e6feb
2025-04-12 03:23:48.447819,3171d89a
2025-04-12 03:24:18.447819,a05e6feb
2025-04-12 03:24:48.447819,3171d89a
2025-04-12 03:25:18.447819,a05e6feb
2025-04-12 03:25:48.447819,a05e6feb
2025-04-12 03:26:18.447819,3171d89a
2025-04-12 03:26:48.447819,3486577c
2025-04-12 03:27:18.447819,8aec6083
2025-04-12 03:27:48.447819,3171d89a
2025-04-12 03:28:18.447819,3171d89a
2025-04-12 03:28:48.447819,3486577c
2025-04-12 03:29:18.447819,3486577c
2025-04-12 03:29:48.447819,a05e6feb
2025-04-12 03:30:18.447819,a05e6feb
2025-04-12 03:30:48.447819,a05e6feb
2025-04-12 03:31:18.447819,3486577c
2025-04-12 03:31:48.447819,3486577c
2025-04-12 03:32:18.447819,3486577c
2025-04-12 03:32:48.447819,a05e6feb
2025-04-12 03:33:18.447819,3486577c
2025-04-12 03:33:48.447819,3171d89a
2025-04-12 03:34:18.447819,8aec6083
2025-04-12 03:34:48.447819,8aec6083
2025-04-12 03:35:18.447819,3171d89a
2025-04-12 03:35:48.447819,3171d89a
2025-04-12 03:36:18.447819,8aec6083
2025-04-12 03:36:48.447819,3171d89a
2025-04-12 03:37:18.447819,3486577c
2025-04-12 03:37:48.447819,3171d89a
2025-04-12 03:38:18.447819,3486577c
2025-04-12 03:38:48.447819,a05e6feb
2025-04-12 03:39:18.447819,a05e6feb
2025-04-12 03:39:48.447819,a05e6feb
2025-04-12 03:40:18.447819,3171d89a
2025-04-12 03:40:48.447819,a05e6feb
2025-04-12 03:41:18.447819,8aec6083
2025-04-12 03:41:48.447819,3171d89a
2025-04-12 03:42:18.447819,8aec6083
2025-04-12 03:42:48.447819,8aec6083
2025-04-12 03:43:18.447819,3486577c
2025-04-12 03:43:48.447819,3486577c
2025-04-12 03:44:18.447819,3486577c
2025-04-12 03:44:48.447819,a05e6feb
2025-04-12 03:45:18.447819,a05e6feb
2025-04-12 03:45:48.447819,3486577c
2025-04-12 03:46:18.447819,3171d89a
2025-04-12 03:46:48.447819,3171d89a
2025-04-12 03:47:18.447819,3486577c
2025-04-12 03:47:48.447819,8aec6083
2025-04-12 03:48:18.447819,3486577c
2025-04-12 03:48:48.447819,a05e6feb
2025-04-12 03:49:18.447819,a05e6feb
2025-04-12 03:49:48.447819,3171d89a
2025-04-12 03:50:18.447819,3486577c
2025-04-12 03:50:48.447819,8aec6083
2025-04-12 03:51:18.447819,3171d89a
2025-04-12 03:51:48.447819,a05e6feb
2025-04-12 03:52:18.447819,3486577c
2025-04-12 03:52:48.447819,3171d89a
2025-04-12 03:53:18.447819,3486577c
2025-04-12 03:53:48.447819,8aec6083
2025-04-12 03:54:18.447819,3171d89a
2025-04-12 03:54:48.447819,8aec6083
2025-04-12 03:55:18.447819,a05e6feb
2025-04-12 03:55:48.447819,3171d89a
2025-04-12 03:56:18.447819,8aec6083
2025-04-12 03:56:48.447819,8aec6083
2025-04-12 03:57:18.447819,3171d89a
2025-04-12 03:57:48.447819,3171d89a
2025-04-12 03:58:18.447819,a05e6feb
2025-04-12 03:58:48.447819,3171d89a
2025-04-12 03:59:18.447819,3486577c
2025-04-12 03:59:48.447819,3486577c
2025-04-12 04:00:18.447819,8aec6083
2025-04-12 04:00:48.447819,a05e6feb
2025-04-12 04:01:18.447819,3171d89a
2025-04-12 04:01:48.447819,3486577c
2025-04-12 04:02:18.447819,a05e6feb
2025-04-12 04:02:48.447819,3486577c
2025-04-12 04:03:18.447819,3486577c
2025-04-12 04:03:48.447819,8aec6083
2025-04-12 04:04:18.447819,a05e6feb
2025-04-12 04:04:48.447819,3171d89a
2025-04-12 04:05:18.447819,3171d89a
2025-04-12 04:05:48.447819,3486577c
2025-04-12 04:06:18.447819,8aec6083
2025-04-12 04:06:48.447819,8aec6083
2025-04-12 04:07:18.447819,8aec6083
2025-04-12 04:07:48.447819,8aec6083
2025-04-12 04:08:18.447819,3486577c
2025-04-12 04:08:48.447819,3171d89a
2025-04-12 04:09:18.447819,3171d89a
2025-04-12 04:09:48.447819,3486577c
2025-04-12 04:10:18.447819,3486577c
2025-04-12 04:10:48.447819,8aec6083
2025-04-12 04:11:18.447819,3171d89a
2025-04-12 04:11:48.447819,a05e6feb
2025-04-12 04:12:18.447819,a05e6feb
2025-04-12 04:12:48.447819,3171d89a
2025-04-12 04:13:18.447819,3171d89a
2025-04-12 04:13:48.447819,a05e6feb
2025-04-12 04:14:18.447819,8aec6083
2025-04-12 04:14:48.447819,3171d89a
2025-04-12 04:15:18.447819,3171d89a
2025-04-12 04:15:48.447819,3486577c
2025-04-12 04:16:18.447819,3486577c
2025-04-12 04:16:48.447819,a05e6feb
2025-04-12 04:17:18.447819,8aec6083
2025-04-12 04:17:48.447819,8aec6083
2025-04-12 04:18:18.447819,3486577c
2025-04-12 04:18:48.447819,3171d89a
2025-04-12 04:19:18.447819,8aec6083
2025-04-12 04:19:48.447819,3171d89a
2025-04-12 04:20:18.447819,3171d89a
2025-04-12 04:20:48.447819,3171d89a
2025-04-12 04:21:18.447819,a05e6feb
2025-04-12 04:21:48.447819,8aec6083
2025-04-12 04:22:18.447819,3486577c
2025-04-12 04:22:48.447819,3171d89a
2025-04-12 04:23:18.447819,3486577c
2025-04-12 04:23:48.447819,3486577c
2025-04-12 04:24:18.447819,3171d89a
2025-04-12 04:24:48.447819,a05e6feb
2025-04-12 04:25:18.447819,3171d89a
2025-04-12 04:25:48.447819,3486577c
2025-04-12 04:26:18.447819,3171d89a
2025-04-12 04:26:48.447819,3171d89a
2025-04-12 04:27:18.447819,3171d89a
2025-04-12 04:27:48.447819,3486577c
2025-04-12 04:28:18.447819,a05e6feb
2025-04-12 04:28:48.447819,3486577c
2025-04-12 04:29:18.447819,a05e6feb
2025-04-12 04:29:48.447819,3171d89a
2025-04-12 04:30:18.447819,8aec6083
2025-04-12 04:30:48.447819,3486577c
2025-04-12 04:31:18.447819,8aec6083
2025-04-12 04:31:48.447819,3486577c
2025-04-12 04:32:18.447819,3486577c
2025-04-12 04:32:48.447819,3486577c
2025-04-12 04:33:18.447819,a05e6feb
2025-04-12 04:33:48.447819,a05e6feb
2025-04-12 04:34:18.447819,3171d89a
2025-04-12 04:34:48.447819,3171d89a
2025-04-12 04:35:18.447819,3171d89a
2025-04-12 04:35:48.447819,3486577c
2025-04-12 04:36:18.447819,3171d89a
2025-04-12 04:36:48.447819,3171d89a
2025-04-12 04:37:18.447819,a05e6feb
2025-04-12 04:37:48.447819,3171d89a
2025-04-12 04:38:18.447819,3486577c
2025-04-12 04:38:48.447819,8aec6083
2025-04-12 04:39:18.447819,a05e6feb
2025-04-12 04:39:48.447819,8aec6083
2025-04-12 04:40:18.447819,3486577c
2025-04-12 04:40:48.447819,8aec6083
2025-04-12 04:41:18.447819,a05e6feb
2025-04-12 04:41:48.447819,3171d89a
2025-04-12 04:42:18.447819,3171d89a
2025-04-12 04:42:48.447819,3486577c
2025-04-12 04:43:18.447819,8aec6083
2025-04-12 04:43:48.447819,3486577c
2025-04-12 04:44:18.447819,3486577c
2025-04-12 04:44:48.447819,3171d89a
2025-04-12 04:45:18.447819,3486577c
2025-04-12 04:45:48.447819,3171d89a
2025-04-12 04:46:18.447819,3171d89a
2025-04-12 04:46:48.447819,a05e6feb
2025-04-12 04:47:18.447819,a05e6feb
2025-04-12 04:47:48.447819,3486577c
2025-04-12 04:48:18.447819,3171d89a
2025-04-12 04:48:48.447819,8aec6083
2025-04-12 04:49:18.447819,3171d89a
2025-04-12 04:49:48.447819,3171d89a
2025-04-12 04:50:18.447819,8aec6083
2025-04-12 04:50:48.447819,3171d89a
2025-04-12 04:51:18.447819,a05e6feb
2025-04-12 04:51:48.447819,8aec6083
2025-04-12 04:52:18.447819,3486577c
2025-04-12 04:52:48.447819,a05e6feb
2025-04-12 04:53:18.447819,3486577c
2025-04-12 04:53:48.447819,8aec6083
2025-04-12 04:54:18.447819,8aec6083
2025-04-12 04:54:48.447819,3171d89a
2025-04-12 04:55:18.447819,3171d89a
2025-04-12 04:55:48.447819,a05e6feb
2025-04-12 04:56:18.447819,3486577c
2025-04-12 04:56:48.447819,a05e6feb
2025-04-12 04:57:18.447819,8aec6083
2025-04-12 04:57:48.447819,a05e6feb
2025-04-12 04:58:18.447819,3171d89a
2025-04-12 04:58:48.447819,3171d89a
2025-04-12 04:59:18.447819,8aec6083
2025-04-12 04:59:48.447819,3171d89a
2025-04-12 05:00:18.447819,3171d89a
2025-04-12 05:00:48.447819,a05e6feb
2025-04-12 05:01:18.447819,3171d89a
2025-04-12 05:01:48.447819,a05e6feb
2025-04-12 05:02:18.447819,a05e6feb
2025-04-12 05:02:48.447819,3171d89a
2025-04-12 05:03:18.447819,3171d89a
2025-04-12 05:03:48.447819,3171d89a
2025-04-12 05:04:18.447819,8aec6083
2025-04-12 05:04:48.447819,a05e6feb
2025-04-12 05:05:18.447819,3486577c
2025-04-12 05:05:48.447819,3486577c
2025-04-12 05:06:18.447819,8aec6083
2025-04-12 05:06:48.447819,3171d89a
2025-04-12 05:07:18.447819,3486577c
2025-04-12 05:07:48.447819,3486577c
2025-04-12 05:08:18.447819,3486577c
2025-04-12 05:08:48.447819,3171d89a
2025-04-12 05:09:18.447819,a05e6feb
2025-04-12 05:09:48.447819,a05e6feb
2025-04-12 05:10:18.447819,8aec6083
2025-04-12 05:10:48.447819,3486577c
2025-04-12 05:11:18.447819,8aec6083
2025-04-12 05:11:48.447819,8aec6083
2025-04-12 05:12:18.447819,a05e6feb
2025-04-12 05:12:48.447819,a05e6feb
2025-04-12 05:13:18.447819,8aec6083
2025-04-12 05:13:48.447819,8aec6083
2025-04-12 05:14:18.447819,3486577c
2025-04-12 05:14:48.447819,3486577c
2025-04-12 05:15:18.447819,3171d89a
2025-04-12 05:15:48.447819,a05e6feb
2025-04-12 05:16:18.447819,8aec6083
2025-04-12 05:16:48.447819,a05e6feb
2025-04-12 05:17:18.447819,a05e6feb
2025-04-12 05:17:48.447819,3486577c
2025-04-12 05:18:18.447819,3486577c
2025-04-12 05:18:48.447819,3486577c
2025-04-12 05:19:18.447819,8aec6083
2025-04-12 05:19:48.447819,3171d89a
2025-04-12 05:20:18.447819,3486577c
2025-04-12 05:20:48.447819,3171d89a
2025-04-12 05:21:18.447819,a05e6feb
2025-04-12 05:21:48.447819,3171d89a
2025-04-12 05:22:18.447819,3171d89a
2025-04-12 05:22:48.447819,3171d89a
2025-04-12 05:23:18.447819,3486577c
2025-04-12 05:23:48.447819,8aec6083
2025-04-12 05:24:18.447819,3486577c
2025-04-12 05:24:48.447819,a05e6feb
2025-04-12 05:25:18.447819,3171d89a
2025-04-12 05:25:48.447819,8aec6083
2025-04-12 05:26:18.447819,a05e6feb
2025-04-12 05:26:48.447819,3171d89a
2025-04-12 05:27:18.447819,3486577c
2025-04-12 05:27:48.447819,a05e6feb
2025-04-12 05:28:18.447819,3486577c
2025-04-12 05:28:48.447819,3171d89a
2025-04-12 05:29:18.447819,8aec6083
2025-04-12 05:29:48.447819,a05e6feb
2025-04-12 05:30:18.447819,8aec6083
2025-04-12 05:30:48.447819,8aec6083
2025-04-12 05:31:18.447819,3486577c
2025-04-12 05:31:48.447819,8aec6083
2025-04-12 05:32:18.447819,8aec6083
2025-04-12 05:32:48.447819,8aec6083
2025-04-12 05:33:18.447819,3486577c
2025-04-12 05:33:48.447819,a05e6feb
2025-04-12 05:34:18.447819,8aec6083
2025-04-12 05:34:48.447819,3486577c
2025-04-12 05:35:18.447819,3171d89a
2025-04-12 05:35:48.447819,8aec6083
2025-04-12 05:36:18.447819,3171d89a
2025-04-12 05:36:48.447819,3171d89a
2025-04-12 05:37:18.447819,a05e6feb
2025-04-12 05:37:48.447819,a05e6feb
2025-04-12 05:38:18.447819,8aec6083
2025-04-12 05:38:48.447819,3486577c
2025-04-12 05:39:18.447819,a05e6feb
2025-04-12 05:39:48.447819,a05e6feb
2025-04-12 05:40:18.447819,3171d89a
2025-04-12 05:40:48.447819,3486577c
2025-04-12 05:41:18.447819,8aec6083
2025-04-12 05:41:48.447819,3171d89a
2025-04-12 05:42:18.447819,3171d89a
2025-04-12 05:42:48.447819,3171d89a
2025-04-12 05:43:18.447819,8aec6083
2025-04-12 05:43:48.447819,3486577c
2025-04-12 05:44:18.447819,8aec6083
2025-04-12 05:44:48.447819,a05e6feb
2025-04-12 05:45:18.447819,3171d89a
2025-04-12 05:45:48.447819,8aec6083
2025-04-12 05:46:18.447819,8aec6083
2025-04-12 05:46:48.447819,3486577c
2025-04-12 05:47:18.447819,3171d89a
2025-04-12 05:47:48.447819,3486577c
2025-04-12 05:48:18.447819,3486577c
2025-04-12 05:48:48.447819,3171d89a
2025-04-12 05:49:18.447819,3171d89a
2025-04-12 05:49:48.447819,3171d89a
2025-04-12 05:50:18.447819,8aec6083
2025-04-12 05:50:48.447819,3486577c
2025-04-12 05:51:18.447819,3486577c
2025-04-12 05:51:48.447819,a05e6feb
2025-04-12 05:52:18.447819,3486577c
2025-04-12 05:52:48.447819,3171d89a
2025-04-12 05:53:18.447819,3171d89a
2025-04-12 05:53:48.447819,a05e6feb
2025-04-12 05:54:18.447819,8aec6083
2025-04-12 05:54:48.447819,3486577c
2025-04-12 05:55:18.447819,3486577c
2025-04-12 05:55:48.447819,3171d89a
2025-04-12 05:56:18.447819,3171d89a
2025-04-12 05:56:48.447819,3171d89a
2025-04-12 05:57:18.447819,8aec6083
2025-04-12 05:57:48.447819,8aec6083
2025-04-12 05:58:18.447819,a05e6feb
2025-04-12 05:58:48.447819,a05e6feb
2025-04-12 05:59:18.447819,3171d89a
2025-04-12 05:59:48.447819,3486577c
2025-04-12 06:00:18.447819,a05e6feb
2025-04-12 06:00:48.447819,3171d89a
2025-04-12 06:01:18.447819,3171d89a
2025-04-12 06:01:48.447819,3171d89a
2025-04-12 06:02:18.447819,3171d89a
2025-04-12 06:02:48.447819,a05e6feb
2025-04-12 06:03:18.447819,a05e6feb
2025-04-12 06:03:48.447819,3171d89a
2025-04-12 06:04:18.447819,8aec6083
2025-04-12 06:04:48.447819,8aec6083
2025-04-12 06:05:18.447819,a05e6feb
2025-04-12 06:05:48.447819,8aec6083
2025-04-12 06:06:18.447819,a05e6feb
2025-04-12 06:06:48.447819,3486577c
2025-04-12 06:07:18.447819,3171d89a
2025-04-12 06:07:48.447819,a05e6feb
2025-04-12 06:08:18.447819,3486577c
2025-04-12 06:08:48.447819,3171d89a
2025-04-12 06:09:18.447819,a05e6feb
2025-04-12 06:09:48.447819,3171d89a
2025-04-12 06:10:18.447819,a05e6feb
2025-04-12 06:10:48.447819,3171d89a
2025-04-12 06:11:18.447819,a05e6feb
2025-04-12 06:11:48.447819,8aec6083
2025-04-12 06:12:18.447819,3486577c
2025-04-12 06:12:48.447819,8aec6083
2025-04-12 06:13:18.447819,a05e6feb
2025-04-12 06:13:48.447819,a05e6feb
2025-04-12 06:14:18.447819,3171d89a
2025-04-12 06:14:48.447819,3486577c
2025-04-12 06:15:18.447819,8aec6083
2025-04-12 06:15:48.447819,a05e6feb
2025-04-12 06:16:18.447819,8aec6083
2025-04-12 06:16:48.447819,3171d89a
2025-04-12 06:17:18.447819,3486577c
2025-04-12 06:17:48.447819,8aec6083
2025-04-12 06:18:18.447819,3486577c
2025-04-12 06:18:48.447819,3486577c
2025-04-12 06:19:18.447819,3486577c
2025-04-12 06:19:48.447819,8aec6083
2025-04-12 06:20:18.447819,8aec6083
2025-04-12 06:20:48.447819,8aec6083
2025-04-12 06:21:18.447819,3486577c
2025-04-12 06:21:48.447819,3171d89a
2025-04-12 06:22:18.447819,8aec6083
2025-04-12 06:22:48.447819,3171d89a
2025-04-12 06:23:18.447819,8aec6083
2025-04-12 06:23:48.447819,8aec6083
2025-04-12 06:24:18.447819,3171d89a
2025-04-12 06:24:48.447819,8aec6083
2025-04-12 06:25:18.447819,a05e6feb
2025-04-12 06:25:48.447819,8aec6083
2025-04-12 06:26:18.447819,3171d89a
2025-04-12 06:26:48.447819,3486577c
2025-04-12 06:27:18.447819,8aec6083
2025-04-12 06:27:48.447819,3171d89a
2025-04-12 06:28:18.447819,a05e6feb
2025-04-12 06:28:48.447819,8aec6083
2025-04-12 06:29:18.447819,3486577c
2025-04-12 06:29:48.447819,a05e6feb
2025-04-12 06:30:18.447819,3486577c
2025-04-12 06:30:48.447819,8aec6083
2025-04-12 06:31:18.447819,3171d89a
2025-04-12 06:31:48.447819,3171d89a
2025-04-12 06:32:18.447819,3486577c
2025-04-12 06:32:48.447819,8aec6083
2025-04-12 06:33:18.447819,3486577c
2025-04-12 06:33:48.447819,3171d89a
2025-04-12 06:34:18.447819,3486577c
2025-04-12 06:34:48.447819,3486577c
2025-04-12 06:35:18.447819,3171d89a
2025-04-12 06:35:48.447819,8aec6083
2025-04-12 06:36:18.447819,8aec6083
2025-04-12 06:36:48.447819,a05e6feb
2025-04-12 06:37:18.447819,8aec6083
2025-04-12 06:37:48.447819,3171d89a
2025-04-12 06:38:18.447819,8aec6083
2025-04-12 06:38:48.447819,3171d89a
2025-04-12 06:39:18.447819,3171d89a
2025-04-12 06:39:48.447819,3171d89a
2025-04-12 06:40:18.447819,8aec6083
2025-04-12 06:40:48.447819,3486577c
2025-04-12 06:41:18.447819,3171d89a
2025-04-12 06:41:48.447819,3486577c
2025-04-12 06:42:18.447819,8aec6083
2025-04-12 06:42:48.447819,a05e6feb
2025-04-12 06:43:18.447819,3486577c
2025-04-12 06:43:48.447819,3486577c
2025-04-12 06:44:18.447819,8aec6083
2025-04-12 06:44:48.447819,a05e6feb
2025-04-12 06:45:18.447819,8aec6083
2025-04-12 06:45:48.447819,8aec6083
2025-04-12 06:46:18.447819,a05e6feb
2025-04-12 06:46:48.447819,a05e6feb
2025-04-12 06:47:18.447819,3486577c
2025-04-12 06:47:48.447819,3171d89a
2025-04-12 06:48:18.447819,3171d89a
2025-04-12 06:48:48.447819,3486577c
2025-04-12 06:49:18.447819,a05e6feb
2025-04-12 06:49:48.447819,a05e6feb
2025-04-12 06:50:18.447819,3171d89a
2025-04-12 06:50:48.447819,a05e6feb
2025-04-12 06:51:18.447819,3486577c
2025-04-12 06:51:48.447819,3171d89a
2025-04-12 06:52:18.447819,a05e6feb
2025-04-12 06:52:48.447819,a05e6feb
2025-04-12 06:53:18.447819,3486577c
2025-04-12 06:53:48.447819,3171d89a
2025-04-12 06:54:18.447819,a05e6feb
2025-04-12 06:54:48.447819,3171d89a
2025-04-12 06:55:18.447819,3486577c
2025-04-12 06:55:48.447819,3486577c
2025-04-12 06:56:18.447819,3171d89a
2025-04-12 06:56:48.447819,8aec6083
2025-04-12 06:57:18.447819,3171d89a
2025-04-12 06:57:48.447819,3171d89a
2025-04-12 06:58:18.447819,8aec6083
2025-04-12 06:58:48.447819,a05e6feb
2025-04-12 06:59:18.447819,3486577c
2025-04-12 06:59:48.447819,3171d89a
2025-04-12 07:00:18.447819,3486577c
2025-04-12 07:00:48.447819,3171d89a
2025-04-12 07:01:18.447819,8aec6083
2025-04-12 07:01:48.447819,3171d89a
2025-04-12 07:02:18.447819,8aec6083
2025-04-12 07:02:48.447819,3486577c
2025-04-12 07:03:18.447819,8aec6083
2025-04-12 07:03:48.447819,3171d89a
2025-04-12 07:04:18.447819,a05e6feb
2025-04-12 07:04:48.447819,3171d89a
2025-04-12 07:05:18.447819,a05e6feb
2025-04-12 07:05:48.447819,a05e6feb
2025-04-12 07:06:18.447819,3171d89a
2025-04-12 07:06:48.447819,3171d89a
2025-04-12 07:07:18.447819,3171d89a
2025-04-12 07:07:48.447819,8aec6083
2025-04-12 07:08:18.447819,3486577c
2025-04-12 07:08:48.447819,3486577c
2025-04-12 07:09:18.447819,3171d89a
2025-04-12 07:09:48.447819,3486577c
2025-04-12 07:10:18.447819,8aec6083
2025-04-12 07:10:48.447819,3171d89a
2025-04-12 07:11:18.447819,8aec6083
2025-04-12 07:11:48.447819,3486577c
2025-04-12 07:12:18.447819,a05e6feb
2025-04-12 07:12:48.447819,a05e6feb
2025-04-12 07:13:18.447819,a05e6feb
2025-04-12 07:13:48.447819,3171d89a
2025-04-12 07:14:18.447819,a05e6feb
2025-04-12 07:14:48.447819,3486577c
2025-04-12 07:15:18.447819,3171d89a
2025-04-12 07:15:48.447819,a05e6feb
2025-04-12 07:16:18.447819,a05e6feb
2025-04-12 07:16:48.447819,a05e6feb
2025-04-12 07:17:18.447819,a05e6feb
2025-04-12 07:17:48.447819,3171d89a
2025-04-12 07:18:18.447819,3171d89a
2025-04-12 07:18:48.447819,3171d89a
2025-04-12 07:19:18.447819,a05e6feb
2025-04-12 07:19:48.447819,3486577c
2025-04-12 07:20:18.447819,3486577c
2025-04-12 07:20:48.447819,3486577c
2025-04-12 07:21:18.447819,3486577c
2025-04-12 07:21:48.447819,8aec6083
2025-04-12 07:22:18.447819,a05e6feb
2025-04-12 07:22:48.447819,3486577c
2025-04-12 07:23:18.447819,8aec6083
2025-04-12 07:23:48.447819,3486577c
2025-04-12 07:24:18.447819,8aec6083
2025-04-12 07:24:48.447819,3486577c
2025-04-12 07:25:18.447819,8aec6083
2025-04-12 07:25:48.447819,a05e6feb
2025-04-12 07:26:18.447819,a05e6feb
2025-04-12 07:26:48.447819,3171d89a
2025-04-12 07:27:18.447819,8aec6083
2025-04-12 07:27:48.447819,a05e6feb
2025-04-12 07:28:18.447819,8aec6083
2025-04-12 07:28:48.447819,8aec6083
2025-04-12 07:29:18.447819,3486577c
2025-04-12 07:29:48.447819,a05e6feb
2025-04-12 07:30:18.447819,3171d89a
2025-04-12 07:30:48.447819,3171d89a
2025-04-12 07:31:18.447819,8aec6083
2025-04-12 07:31:48.447819,3171d89a
2025-04-12 07:32:18.447819,8aec6083
2025-04-12 07:32:48.447819,a05e6feb
2025-04-12 07:33:18.447819,8aec6083
2025-04-12 07:33:48.447819,3486577c
2025-04-12 07:34:18.447819,3486577c
2025-04-12 07:34:48.447819,8aec6083
2025-04-12 07:35:18.447819,8aec6083
2025-04-12 07:35:48.447819,8aec6083
2025-04-12 07:36:18.447819,a05e6feb
2025-04-12 07:36:48.447819,3486577c
2025-04-12 07:37:18.447819,8aec6083
2025-04-12 07:37:48.447819,8aec6083
2025-04-12 07:38:18.447819,a05e6feb
2025-04-12 07:38:48.447819,8aec6083
2025-04-12 07:39:18.447819,3486577c
2025-04-12 07:39:48.447819,3486577c
2025-04-12 07:40:18.447819,3171d89a
2025-04-12 07:40:48.447819,a05e6feb
2025-04-12 07:41:18.447819,3171d89a
2025-04-12 07:41:48.447819,3171d89a
2025-04-12 07:42:18.447819,a05e6feb
2025-04-12 07:42:48.447819,3171d89a
2025-04-12 07:43:18.447819,a05e6feb
2025-04-12 07:43:48.447819,3171d89a
2025-04-12 07:44:18.447819,8aec6083
2025-04-12 07:44:48.447819,a05e6feb
2025-04-12 07:45:18.447819,3171d89a
2025-04-12 07:45:48.447819,a05e6feb
2025-04-12 07:46:18.447819,3171d89a
2025-04-12 07:46:48.447819,8aec6083
2025-04-12 07:47:18.447819,3171d89a
2025-04-12 07:47:48.447819,a05e6feb
2025-04-12 07:48:18.447819,3171d89a
2025-04-12 07:48:48.447819,3486577c
2025-04-12 07:49:18.447819,8aec6083
2025-04-12 07:49:48.447819,3486577c
2025-04-12 07:50:18.447819,8aec6083
2025-04-12 07:50:48.447819,8aec6083
2025-04-12 07:51:18.447819,3171d89a
2025-04-12 07:51:48.447819,3486577c
2025-04-12 07:52:18.447819,8aec6083
2025-04-12 07:52:48.447819,3171d89a
2025-04-12 07:53:18.447819,3486577c
2025-04-12 07:53:48.447819,a05e6feb
2025-04-12 07:54:18.447819,a05e6feb
2025-04-12 07:54:48.447819,8aec6083
2025-04-12 07:55:18.447819,a05e6feb
2025-04-12 07:55:48.447819,3171d89a
2025-04-12 07:56:18.447819,a05e6feb
2025-04-12 07:56:48.447819,3486577c
2025-04-12 07:57:18.447819,3171d89a
2025-04-12 07:57:48.447819,3171d89a
2025-04-12 07:58:18.447819,3171d89a
2025-04-12 07:58:48.447819,a05e6feb
2025-04-12 07:59:18.447819,3486577c
2025-04-12 07:59:48.447819,8aec6083
2025-04-12 08:00:18.447819,3486577c
2025-04-12 08:00:48.447819,3486577c
2025-04-12 08:01:18.447819,a05e6feb
2025-04-12 08:01:48.447819,8aec6083
2025-04-12 08:02:18.447819,8aec6083
2025-04-12 08:02:48.447819,3486577c
2025-04-12 08:03:18.447819,a05e6feb
2025-04-12 08:03:48.447819,8aec6083
2025-04-12 08:04:18.447819,3171d89a
2025-04-12 08:04:48.447819,3171d89a
2025-04-12 08:05:18.447819,3171d89a
2025-04-12 08:05:48.447819,8aec6083
2025-04-12 08:06:18.447819,3486577c
2025-04-12 08:06:48.447819,8aec6083
2025-04-12 08:07:18.447819,3486577c
2025-04-12 08:07:48.447819,a05e6feb
2025-04-12 08:08:18.447819,a05e6feb
2025-04-12 08:08:48.447819,3171d89a
2025-04-12 08:09:18.447819,3171d89a
2025-04-12 08:09:48.447819,8aec6083
2025-04-12 08:10:18.447819,3171d89a
2025-04-12 08:10:48.447819,8aec6083
2025-04-12 08:11:18.447819,a05e6feb
2025-04-12 08:11:48.447819,3486577c
2025-04-12 08:12:18.447819,8aec6083
2025-04-12 08:12:48.447819,3171d89a
2025-04-12 08:13:18.447819,3486577c
2025-04-12 08:13:48.447819,a05e6feb
2025-04-12 08:14:18.447819,3171d89a
2025-04-12 08:14:48.447819,8aec6083
2025-04-12 08:15:18.447819,8aec6083
2025-04-12 08:15:48.447819,8aec6083
2025-04-12 08:16:18.447819,a05e6feb
2025-04-12 08:16:48.447819,3171d89a
2025-04-12 08:17:18.447819,a05e6feb
2025-04-12 08:17:48.447819,a05e6feb
2025-04-12 08:18:18.447819,a05e6feb
2025-04-12 08:18:48.447819,3486577c
2025-04-12 08:19:18.447819,8aec6083
2025-04-12 08:19:48.447819,3171d89a
2025-04-12 08:20:18.447819,8aec6083
2025-04-12 08:20:48.447819,3486577c
2025-04-12 08:21:18.447819,3486577c
2025-04-12 08:21:48.447819,a05e6feb
2025-04-12 08:22:18.447819,8aec6083
2025-04-12 08:22:48.447819,3486577c
2025-04-12 08:23:18.447819,8aec6083
2025-04-12 08:23:48.447819,3486577c
2025-04-12 08:24:18.447819,3486577c
2025-04-12 08:24:48.447819,3486577c
2025-04-12 08:25:18.447819,a05e6feb
2025-04-12 08:25:48.447819,3486577c
2025-04-12 08:26:18.447819,3171d89a
2025-04-12 08:26:48.447819,3486577c
2025-04-12 08:27:18.447819,3171d89a
2025-04-12 08:27:48.447819,3171d89a
2025-04-12 08:28:18.447819,3486577c
2025-04-12 08:28:48.447819,3171d89a
2025-04-12 08:29:18.447819,3171d89a
2025-04-12 08:29:48.447819,3486577c
2025-04-12 08:30:18.447819,3486577c
2025-04-12 08:30:48.447819,8aec6083
2025-04-12 08:31:18.447819,3486577c
2025-04-12 08:31:48.447819,3486577c
2025-04-12 08:32:18.447819,a05e6feb
2025-04-12 08:32:48.447819,3486577c
2025-04-12 08:33:18.447819,a05e6feb
2025-04-12 08:33:48.447819,8aec6083
2025-04-12 08:34:18.447819,8aec6083
2025-04-12 08:34:48.447819,3171d89a
2025-04-12 08:35:18.447819,8aec6083
2025-04-12 08:35:48.447819,3171d89a
2025-04-12 08:36:18.447819,a05e6feb
2025-04-12 08:36:48.447819,a05e6feb
2025-04-12 08:37:18.447819,3486577c
2025-04-12 08:37:48.447819,3486577c
2025-04-12 08:38:18.447819,3486577c
2025-04-12 08:38:48.447819,8aec6083
2025-04-12 08:39:18.447819,3171d89a
2025-04-12 08:39:48.447819,8aec6083
2025-04-12 08:40:18.447819,3171d89a
2025-04-12 08:40:48.447819,8aec6083
2025-04-12 08:41:18.447819,8aec6083
2025-04-12 08:41:48.447819,8aec6083
2025-04-12 08:42:18.447819,8aec6083
2025-04-12 08:42:48.447819,8aec6083
2025-04-12 08:43:18.447819,3171d89a
2025-04-12 08:43:48.447819,8aec6083
2025-04-12 08:44:18.447819,3171d89a
2025-04-12 08:44:48.447819,a05e6feb
2025-04-12 08:45:18.447819,8aec6083
2025-04-12 08:45:48.447819,a05e6feb
2025-04-12 08:46:18.447819,8aec6083
2025-04-12 08:46:48.447819,a05e6feb
2025-04-12 08:47:18.447819,3171d89a
2025-04-12 08:47:48.447819,3486577c
2025-04-12 08:48:18.447819,a05e6feb
2025-04-12 08:48:48.447819,8aec6083
2025-04-12 08:49:18.447819,3171d89a
2025-04-12 08:49:48.447819,3486577c
2025-04-12 08:50:18.447819,a05e6feb
2025-04-12 08:50:48.447819,a05e6feb
2025-04-12 08:51:18.447819,3486577c
2025-04-12 08:51:48.447819,a05e6feb
2025-04-12 08:52:18.447819,3171d89a
2025-04-12 08:52:48.447819,3486577c
2025-04-12 08:53:18.447819,8aec6083
2025-04-12 08:53:48.447819,3486577c
2025-04-12 08:54:18.447819,3486577c
2025-04-12 08:54:48.447819,3486577c
2025-04-12 08:55:18.447819,8aec6083
2025-04-12 08:55:48.447819,3486577c
2025-04-12 08:56:18.447819,3486577c
2025-04-12 08:56:48.447819,8aec6083
2025-04-12 08:57:18.447819,3171d89a
2025-04-12 08:57:48.447819,3486577c
2025-04-12 08:58:18.447819,3486577c
2025-04-12 08:58:48.447819,3486577c
2025-04-12 08:59:18.447819,3486577c
2025-04-12 08:59:48.447819,3486577c
2025-04-12 09:00:18.447819,8aec6083
2025-04-12 09:00:48.447819,3486577c
2025-04-12 09:01:18.447819,8aec6083
2025-04-12 09:01:48.447819,8aec6083
2025-04-12 09:02:18.447819,8aec6083
2025-04-12 09:02:48.447819,a05e6feb
2025-04-12 09:03:18.447819,a05e6feb
2025-04-12 09:03:48.447819,3486577c
2025-04-12 09:04:18.447819,8aec6083
2025-04-12 09:04:48.447819,a05e6feb
2025-04-12 09:05:18.447819,3171d89a
2025-04-12 09:05:48.447819,8aec6083
2025-04-12 09:06:18.447819,8aec6083
2025-04-12 09:06:48.447819,8aec6083
2025-04-12 09:07:18.447819,a05e6feb
2025-04-12 09:07:48.447819,3486577c
2025-04-12 09:08:18.447819,3486577c
2025-04-12 09:08:48.447819,a05e6feb
2025-04-12 09:09:18.447819,8aec6083
2025-04-12 09:09:48.447819,3486577c
2025-04-12 09:10:18.447819,a05e6feb
2025-04-12 09:10:48.447819,a05e6feb
2025-04-12 09:11:18.447819,3486577c
2025-04-12 09:11:48.447819,3171d89a
2025-04-12 09:12:18.447819,a05e6feb
2025-04-12 09:12:48.447819,a05e6feb
2025-04-12 09:13:18.447819,3486577c
2025-04-12 09:13:48.447819,8aec6083
2025-04-12 09:14:18.447819,8aec6083
2025-04-12 09:14:48.447819,a05e6feb
2025-04-12 09:15:18.447819,3171d89a
2025-04-12 09:15:48.447819,8aec6083
2025-04-12 09:16:18.447819,3171d89a
2025-04-12 09:16:48.447819,8aec6083
2025-04-12 09:17:18.447819,8aec6083
2025-04-12 09:17:48.447819,a05e6feb
2025-04-12 09:18:18.447819,3486577c
2025-04-12 09:18:48.447819,3171d89a
2025-04-12 09:19:18.447819,8aec6083
2025-04-12 09:19:48.447819,3486577c
2025-04-12 09:20:18.447819,3171d89a
2025-04-12 09:20:48.447819,8aec6083
2025-04-12 09:21:18.447819,a05e6feb
2025-04-12 09:21:48.447819,3486577c
2025-04-12 09:22:18.447819,3171d89a
2025-04-12 09:22:48.447819,8aec6083
2025-04-12 09:23:18.447819,a05e6feb
2025-04-12 09:23:48.447819,3171d89a
2025-04-12 09:24:18.447819,3171d89a
2025-04-12 09:24:48.447819,3486577c
2025-04-12 09:25:18.447819,3171d89a
2025-04-12 09:25:48.447819,a05e6feb
2025-04-12 09:26:18.447819,8aec6083
2025-04-12 09:26:48.447819,3171d89a
2025-04-12 09:27:18.447819,3486577c
2025-04-12 09:27:48.447819,8aec6083
2025-04-12 09:28:18.447819,a05e6feb
2025-04-12 09:28:48.447819,3486577c
2025-04-12 09:29:18.447819,3171d89a
2025-04-12 09:29:48.447819,3486577c
2025-04-12 09:30:18.447819,3171d89a
2025-04-12 09:30:48.447819,a05e6feb
2025-04-12 09:31:18.447819,3486577c
2025-04-12 09:31:48.447819,8aec6083
2025-04-12 09:32:18.447819,8aec6083
2025-04-12 09:32:48.447819,a05e6feb
2025-04-12 09:33:18.447819,3486577c
2025-04-12 09:33:48.447819,3486577c
2025-04-12 09:34:18.447819,a05e6feb
2025-04-12 09:34:48.447819,8aec6083
2025-04-12 09:35:18.447819,8aec6083
2025-04-12 09:35:48.447819,a05e6feb
2025-04-12 09:36:18.447819,a05e6feb
2025-04-12 09:36:48.447819,a05e6feb
2025-04-12 09:37:18.447819,a05e6feb
2025-04-12 09:37:48.447819,a05e6feb
2025-04-12 09:38:18.447819,8aec6083
2025-04-12 09:38:48.447819,8aec6083
2025-04-12 09:39:18.447819,8aec6083
2025-04-12 09:39:48.447819,a05e6feb
2025-04-12 09:40:18.447819,3486577c
2025-04-12 09:40:48.447819,8aec6083
2025-04-12 09:41:18.447819,a05e6feb
2025-04-12 09:41:48.447819,3486577c
2025-04-12 09:42:18.447819,3486577c
2025-04-12 09:42:48.447819,3171d89a
2025-04-12 09:43:18.447819,a05e6feb
2025-04-12 09:43:48.447819,a05e6feb
2025-04-12 09:44:18.447819,3486577c
2025-04-12 09:44:48.447819,a05e6feb
2025-04-12 09:45:18.447819,8aec6083
2025-04-12 09:45:48.447819,8aec6083
2025-04-12 09:46:18.447819,3171d89a
2025-04-12 09:46:48.447819,3171d89a
2025-04-12 09:47:18.447819,3486577c
2025-04-12 09:47:48.447819,a05e6feb
2025-04-12 09:48:18.447819,a05e6feb
2025-04-12 09:48:48.447819,a05e6feb
2025-04-12 09:49:18.447819,3486577c
2025-04-12 09:49:48.447819,3171d89a
2025-04-12 09:50:18.447819,3171d89a
2025-04-12 09:50:48.447819,3171d89a
2025-04-12 09:51:18.447819,3171d89a
2025-04-12 09:51:48.447819,a05e6feb
2025-04-12 09:52:18.447819,3486577c
2025-04-12 09:52:48.447819,8aec6083
2025-04-12 09:53:18.447819,8aec6083
2025-04-12 09:53:48.447819,3486577c
2025-04-12 09:54:18.447819,8aec6083
2025-04-12 09:54:48.447819,a05e6feb
2025-04-12 09:55:18.447819,3486577c
2025-04-12 09:55:48.447819,a05e6feb
2025-04-12 09:56:18.447819,3486577c
2025-04-12 09:56:48.447819,3486577c
2025-04-12 09:57:18.447819,a05e6feb
2025-04-12 09:57:48.447819,3486577c
2025-04-12 09:58:18.447819,3171d89a
2025-04-12 09:58:48.447819,8aec6083
2025-04-12 09:59:18.447819,8aec6083
2025-04-12 09:59:48.447819,8aec6083
2025-04-12 10:00:18.447819,8aec6083
2025-04-12 10:00:48.447819,a05e6feb
2025-04-12 10:01:18.447819,3486577c
2025-04-12 10:01:48.447819,8aec6083
2025-04-12 10:02:18.447819,3171d89a
2025-04-12 10:02:48.447819,3171d89a
2025-04-12 10:03:18.447819,a05e6feb
2025-04-12 10:03:48.447819,3171d89a
2025-04-12 10:04:18.447819,3171d89a
2025-04-12 10:04:48.447819,3171d89a
2025-04-12 10:05:18.447819,8aec6083
2025-04-12 10:05:48.447819,a05e6feb
2025-04-12 10:06:18.447819,8aec6083
2025-04-12 10:06:48.447819,3171d89a
2025-04-12 10:07:18.447819,8aec6083
2025-04-12 10:07:48.447819,8aec6083
2025-04-12 10:08:18.447819,3486577c
2025-04-12 10:08:48.447819,3171d89a
2025-04-12 10:09:18.447819,8aec6083
2025-04-12 10:09:48.447819,3171d89a
2025-04-12 10:10:18.447819,a05e6feb
2025-04-12 10:10:48.447819,a05e6feb
2025-04-12 10:11:18.447819,3486577c
2025-04-12 10:11:48.447819,a05e6feb
2025-04-12 10:12:18.447819,3486577c
2025-04-12 10:12:48.447819,3171d89a
2025-04-12 10:13:18.447819,a05e6feb
2025-04-12 10:13:48.447819,a05e6feb
2025-04-12 10:14:18.447819,3486577c
2025-04-12 10:14:48.447819,3486577c
2025-04-12 10:15:18.447819,3486577c
2025-04-12 10:15:48.447819,a05e6feb
2025-04-12 10:16:18.447819,a05e6feb
2025-04-12 10:16:48.447819,3486577c
2025-04-12 10:17:18.447819,a05e6feb
2025-04-12 10:17:48.447819,3486577c
2025-04-12 10:18:18.447819,8aec6083
2025-04-12 10:18:48.447819,3171d89a
2025-04-12 10:19:18.447819,3486577c
2025-04-12 10:19:48.447819,8aec6083
2025-04-12 10:20:18.447819,a05e6feb
2025-04-12 10:20:48.447819,3171d89a
2025-04-12 10:21:18.447819,a05e6feb
2025-04-12 10:21:48.447819,8aec6083
2025-04-12 10:22:18.447819,3171d89a
2025-04-12 10:22:48.447819,8aec6083
2025-04-12 10:23:18.447819,a05e6feb
2025-04-12 10:23:48.447819,a05e6feb
2025-04-12 10:24:18.447819,a05e6feb
2025-04-12 10:24:48.447819,3486577c
2025-04-12 10:25:18.447819,3171d89a
2025-04-12 10:25:48.447819,a05e6feb
2025-04-12 10:26:18.447819,a05e6feb
2025-04-12 10:26:48.447819,3486577c
2025-04-12 10:27:18.447819,3171d89a
2025-04-12 10:27:48.447819,3486577c
2025-04-12 10:28:18.447819,a05e6feb
2025-04-12 10:28:48.447819,3171d89a
2025-04-12 10:29:18.447819,a05e6feb
2025-04-12 10:29:48.447819,a05e6feb
2025-04-12 10:30:18.447819,3171d89a
2025-04-12 10:30:48.447819,3486577c
2025-04-12 10:31:18.447819,3486577c
2025-04-12 10:31:48.447819,3171d89a
2025-04-12 10:32:18.447819,3486577c
2025-04-12 10:32:48.447819,3171d89a
2025-04-12 10:33:18.447819,3171d89a
2025-04-12 10:33:48.447819,3486577c
2025-04-12 10:34:18.447819,8aec6083
2025-04-12 10:34:48.447819,8aec6083
2025-04-12 10:35:18.447819,3486577c
2025-04-12 10:35:48.447819,3486577c
2025-04-12 10:36:18.447819,a05e6feb
2025-04-12 10:36:48.447819,8aec6083
2025-04-12 10:37:18.447819,3486577c
2025-04-12 10:37:48.447819,8aec6083
2025-04-12 10:38:18.447819,3486577c
2025-04-12 10:38:48.447819,a05e6feb
2025-04-12 10:39:18.447819,a05e6feb
2025-04-12 10:39:48.447819,3486577c
2025-04-12 10:40:18.447819,3171d89a
2025-04-12 10:40:48.447819,3486577c
2025-04-12 10:41:18.447819,3486577c
2025-04-12 10:41:48.447819,a05e6feb
2025-04-12 10:42:18.447819,3171d89a
2025-04-12 10:42:48.447819,3486577c
2025-04-12 10:43:18.447819,3486577c
2025-04-12 10:43:48.447819,3486577c
2025-04-12 10:44:18.447819,3171d89a
2025-04-12 10:44:48.447819,a05e6feb
2025-04-12 10:45:18.447819,a05e6feb
2025-04-12 10:45:48.447819,a05e6feb
2025-04-12 10:46:18.447819,3486577c
2025-04-12 10:46:48.447819,3486577c
2025-04-12 10:47:18.447819,3171d89a
2025-04-12 10:47:48.447819,3171d89a
2025-04-12 10:48:18.447819,3486577c
2025-04-12 10:48:48.447819,a05e6feb
2025-04-12 10:49:18.447819,3171d89a
2025-04-12 10:49:48.447819,3486577c
2025-04-12 10:50:18.447819,a05e6feb
2025-04-12 10:50:48.447819,3486577c
2025-04-12 10:51:18.447819,8aec6083
2025-04-12 10:51:48.447819,8aec6083
2025-04-12 10:52:18.447819,8aec6083
2025-04-12 10:52:48.447819,8aec6083
2025-04-12 10:53:18.447819,3171d89a
2025-04-12 10:53:48.447819,8aec6083
2025-04-12 10:54:18.447819,3486577c
2025-04-12 10:54:48.447819,8aec6083
2025-04-12 10:55:18.447819,3486577c
2025-04-12 10:55:48.447819,8aec6083
2025-04-12 10:56:18.447819,8aec6083
2025-04-12 10:56:48.447819,a05e6feb
2025-04-12 10:57:18.447819,3486577c
2025-04-12 10:57:48.447819,3486577c
2025-04-12 10:58:18.447819,3486577c
2025-04-12 10:58:48.447819,8aec6083
2025-04-12 10:59:18.447819,3171d89a
2025-04-12 10:59:48.447819,3486577c
2025-04-12 11:00:18.447819,a05e6feb
2025-04-12 11:00:48.447819,3486577c
2025-04-12 11:01:18.447819,a05e6feb
2025-04-12 11:01:48.447819,3171d89a
2025-04-12 11:02:18.447819,8aec6083
2025-04-12 11:02:48.447819,3171d89a
2025-04-12 11:03:18.447819,3486577c
2025-04-12 11:03:48.447819,8aec6083
2025-04-12 11:04:18.447819,a05e6feb
2025-04-12 11:04:48.447819,3486577c
2025-04-12 11:05:18.447819,a05e6feb
2025-04-12 11:05:48.447819,8aec6083
2025-04-12 11:06:18.447819,8aec6083
2025-04-12 11:06:48.447819,8aec6083
2025-04-12 11:07:18.447819,3486577c
2025-04-12 11:07:48.447819,8aec6083
2025-04-12 11:08:18.447819,3171d89a
2025-04-12 11:08:48.447819,8aec6083
2025-04-12 11:09:18.447819,3171d89a
2025-04-12 11:09:48.447819,a05e6feb
2025-04-12 11:10:18.447819,3171d89a
2025-04-12 11:10:48.447819,a05e6feb
2025-04-12 11:11:18.447819,3486577c
