timestamp,room,temperature,motion,sound_level
2025-04-11 23:11:48.447819,bathroom,23.22,1,67.77
2025-04-11 23:12:18.447819,living_room,22.61,0,47.99
2025-04-11 23:12:48.447819,bedroom,27.15,0,37.35
2025-04-11 23:13:18.447819,bedroom,19.52,0,63.21
2025-04-11 23:13:48.447819,bedroom,22.71,1,37.98
2025-04-11 23:14:18.447819,bathroom,24.46,1,41.41
2025-04-11 23:14:48.447819,living_room,24.7,0,55.36
2025-04-11 23:15:18.447819,living_room,20.5,1,33.23
2025-04-11 23:15:48.447819,bathroom,24.07,1,53.3
2025-04-11 23:16:18.447819,living_room,23.43,0,56.6
2025-04-11 23:16:48.447819,bedroom,23.52,0,63.1
2025-04-11 23:17:18.447819,bedroom,24.03,0,65.43
2025-04-11 23:17:48.447819,bedroom,19.89,0,36.68
2025-04-11 23:18:18.447819,bedroom,23.16,0,46.59
2025-04-11 23:18:48.447819,bedroom,18.1,1,31.08
2025-04-11 23:19:18.447819,living_room,20.06,0,47.11
2025-04-11 23:19:48.447819,kitchen,22.52,0,54.37
2025-04-11 23:20:18.447819,living_room,16.87,1,37.28
2025-04-11 23:20:48.447819,bedroom,21.82,0,47.81
2025-04-11 23:21:18.447819,bathroom,22.82,0,59.25
2025-04-11 23:21:48.447819,bathroom,18.48,1,39.14
2025-04-11 23:22:18.447819,bathroom,21.46,0,32.33
2025-04-11 23:22:48.447819,kitchen,18.03,0,64.6
2025-04-11 23:23:18.447819,bathroom,16.51,0,65.63
2025-04-11 23:23:48.447819,kitchen,25.64,1,69.9
2025-04-11 23:24:18.447819,bedroom,24.05,0,68.64
2025-04-11 23:24:48.447819,kitchen,22.19,1,54.53
2025-04-11 23:25:18.447819,bedroom,21.13,0,38.03
2025-04-11 23:25:48.447819,bedroom,23.26,0,47.06
2025-04-11 23:26:18.447819,bedroom,18.51,1,37.47
2025-04-11 23:26:48.447819,living_room,19.25,1,41.88
2025-04-11 23:27:18.447819,kitchen,21.61,0,50.96
2025-04-11 23:27:48.447819,bedroom,22.06,0,35.49
2025-04-11 23:28:18.447819,bathroom,22.74,1,53.38
2025-04-11 23:28:48.447819,living_room,20.74,0,32.99
2025-04-11 23:29:18.447819,kitchen,21.39,0,45.39
2025-04-11 23:29:48.447819,living_room,21.05,1,31.74
2025-04-11 23:30:18.447819,kitchen,20.82,0,61.27
2025-04-11 23:30:48.447819,living_room,23.35,0,54.93
2025-04-11 23:31:18.447819,bedroom,21.56,1,38.95
2025-04-11 23:31:48.447819,bathroom,22.03,1,30.33
2025-04-11 23:32:18.447819,kitchen,19.4,0,53.02
2025-04-11 23:32:48.447819,kitchen,24.94,0,31.83
2025-04-11 23:33:18.447819,bathroom,20.19,1,42.73
2025-04-11 23:33:48.447819,bedroom,20.61,0,55.89
2025-04-11 23:34:18.447819,living_room,25.71,1,33.59
2025-04-11 23:34:48.447819,bedroom,21.9,0,34.8
2025-04-11 23:35:18.447819,bedroom,25.95,0,37.86
2025-04-11 23:35:48.447819,living_room,21.84,1,37.68
2025-04-11 23:36:18.447819,bathroom,20.29,1,40.89
2025-04-11 23:36:48.447819,bedroom,22.07,1,64.55
2025-04-11 23:37:18.447819,bedroom,21.28,0,44.21
2025-04-11 23:37:48.447819,living_room,22.46,1,34.78
2025-04-11 23:38:18.447819,kitchen,25.16,0,43.87
2025-04-11 23:38:48.447819,kitchen,22.34,1,32.08
2025-04-11 23:39:18.447819,living_room,19.1,0,34.56
2025-04-11 23:39:48.447819,living_room,23.24,1,31.14
2025-04-11 23:40:18.447819,bathroom,21.59,1,68.31
2025-04-11 23:40:48.447819,bathroom,23.23,1,60.03
2025-04-11 23:41:18.447819,bathroom,25.36,1,53.65
2025-04-11 23:41:48.447819,living_room,22.68,1,55.72
2025-04-11 23:42:18.447819,bathroom,21.87,0,54.64
2025-04-11 23:42:48.447819,bathroom,20.22,1,54.96
2025-04-11 23:43:18.447819,living_room,18.91,1,51.17
2025-04-11 23:43:48.447819,kitchen,23.11,0,59.29
2025-04-11 23:44:18.447819,bedroom,21.28,0,30.56
2025-04-11 23:44:48.447819,bathroom,24.18,0,65.99
2025-04-11 23:45:18.447819,bedroom,18.99,0,36.78
2025-04-11 23:45:48.447819,bedroom,23.48,1,54.68
2025-04-11 23:46:18.447819,bathroom,20.93,0,38.08
2025-04-11 23:46:48.447819,living_room,23.31,0,47.93
2025-04-11 23:47:18.447819,bathroom,19.2,1,33.27
2025-04-11 23:47:48.447819,bedroom,22.71,0,64.1
2025-04-11 23:48:18.447819,bedroom,23.94,0,55.85
2025-04-11 23:48:48.447819,bathroom,20.12,0,61.62
2025-04-11 23:49:18.447819,bedroom,20.37,0,47.11
2025-04-11 23:49:48.447819,bedroom,22.91,1,44.51
2025-04-11 23:50:18.447819,bathroom,23.98,1,63.28
2025-04-11 23:50:48.447819,bedroom,19.36,1,41.66
2025-04-11 23:51:18.447819,living_room,20.11,1,35.35
2025-04-11 23:51:48.447819,bathroom,23.85,1,51.24
2025-04-11 23:52:18.447819,bathroom,18.49,1,63.42
2025-04-11 23:52:48.447819,bathroom,23.76,0,42.43
2025-04-11 23:53:18.447819,living_room,20.14,0,41.2
2025-04-11 23:53:48.447819,bedroom,21.15,0,40.33
2025-04-11 23:54:18.447819,bedroom,18.73,1,43.97
2025-04-11 23:54:48.447819,living_room,19.0,1,47.12
2025-04-11 23:55:18.447819,bedroom,21.11,0,45.8
2025-04-11 23:55:48.447819,living_room,20.72,1,46.36
2025-04-11 23:56:18.447819,living_room,25.95,1,52.44
2025-04-11 23:56:48.447819,bedroom,25.46,1,49.3
2025-04-11 23:57:18.447819,bathroom,18.48,1,63.03
2025-04-11 23:57:48.447819,living_room,21.49,1,55.47
2025-04-11 23:58:18.447819,bedroom,18.97,1,64.14
2025-04-11 23:58:48.447819,living_room,21.58,1,65.33
2025-04-11 23:59:18.447819,living_room,27.21,0,39.1
2025-04-11 23:59:48.447819,bedroom,24.47,1,49.4
2025-04-12 00:00:18.447819,living_room,20.42,1,36.26
2025-04-12 00:00:48.447819,kitchen,21.95,0,45.1
2025-04-12 00:01:18.447819,kitchen,21.67,0,62.42
2025-04-12 00:01:48.447819,living_room,17.41,0,67.56
2025-04-12 00:02:18.447819,living_room,24.73,1,56.87
2025-04-12 00:02:48.447819,bathroom,23.18,1,55.01
2025-04-12 00:03:18.447819,bedroom,20.26,1,69.96
2025-04-12 00:03:48.447819,bedroom,22.09,1,62.92
2025-04-12 00:04:18.447819,bathroom,18.87,1,34.37
2025-04-12 00:04:48.447819,bathroom,18.72,0,67.55
2025-04-12 00:05:18.447819,bathroom,22.45,1,62.71
2025-04-12 00:05:48.447819,bathroom,22.63,0,64.05
2025-04-12 00:06:18.447819,kitchen,20.68,0,33.7
2025-04-12 00:06:48.447819,kitchen,23.16,0,44.81
2025-04-12 00:07:18.447819,living_room,21.97,0,53.36
2025-04-12 00:07:48.447819,living_room,23.74,1,34.75
2025-04-12 00:08:18.447819,kitchen,18.26,0,33.15
2025-04-12 00:08:48.447819,bathroom,24.43,1,31.34
2025-04-12 00:09:18.447819,living_room,22.96,1,51.97
2025-04-12 00:09:48.447819,living_room,23.04,0,60.08
2025-04-12 00:10:18.447819,living_room,25.63,1,61.43
2025-04-12 00:10:48.447819,kitchen,21.62,0,66.3
2025-04-12 00:11:18.447819,bedroom,20.55,1,38.63
2025-04-12 00:11:48.447819,bedroom,22.95,0,65.49
2025-04-12 00:12:18.447819,living_room,21.41,1,39.8
2025-04-12 00:12:48.447819,bedroom,22.43,1,58.23
2025-04-12 00:13:18.447819,bedroom,25.66,0,49.0
2025-04-12 00:13:48.447819,living_room,23.2,1,68.57
2025-04-12 00:14:18.447819,bathroom,18.68,0,60.65
2025-04-12 00:14:48.447819,kitchen,20.74,0,51.74
2025-04-12 00:15:18.447819,bedroom,19.78,1,68.8
2025-04-12 00:15:48.447819,living_room,22.25,0,31.19
2025-04-12 00:16:18.447819,living_room,21.62,0,39.3
2025-04-12 00:16:48.447819,bedroom,21.48,0,47.7
2025-04-12 00:17:18.447819,bathroom,20.0,1,39.06
2025-04-12 00:17:48.447819,living_room,21.79,1,35.07
2025-04-12 00:18:18.447819,bathroom,24.26,0,64.75
2025-04-12 00:18:48.447819,living_room,22.99,1,42.87
2025-04-12 00:19:18.447819,living_room,22.74,1,48.01
2025-04-12 00:19:48.447819,kitchen,20.19,1,47.11
2025-04-12 00:20:18.447819,bathroom,21.63,1,31.5
2025-04-12 00:20:48.447819,kitchen,25.17,1,68.49
2025-04-12 00:21:18.447819,living_room,22.0,1,35.91
2025-04-12 00:21:48.447819,kitchen,25.39,1,35.02
2025-04-12 00:22:18.447819,kitchen,22.73,1,30.39
2025-04-12 00:22:48.447819,bathroom,24.66,0,66.7
2025-04-12 00:23:18.447819,bathroom,21.52,0,61.87
2025-04-12 00:23:48.447819,living_room,22.11,0,46.73
2025-04-12 00:24:18.447819,living_room,23.08,1,55.01
2025-04-12 00:24:48.447819,bedroom,21.99,1,39.8
2025-04-12 00:25:18.447819,kitchen,21.87,1,36.99
2025-04-12 00:25:48.447819,bathroom,22.88,0,48.71
2025-04-12 00:26:18.447819,living_room,20.46,0,34.01
2025-04-12 00:26:48.447819,bedroom,21.61,1,57.4
2025-04-12 00:27:18.447819,bathroom,22.87,1,51.57
2025-04-12 00:27:48.447819,bedroom,21.99,1,54.38
2025-04-12 00:28:18.447819,bathroom,21.1,0,55.04
2025-04-12 00:28:48.447819,living_room,21.52,1,33.96
2025-04-12 00:29:18.447819,kitchen,23.91,0,64.99
2025-04-12 00:29:48.447819,living_room,26.84,1,30.49
2025-04-12 00:30:18.447819,kitchen,20.1,0,67.18
2025-04-12 00:30:48.447819,living_room,19.08,0,43.0
2025-04-12 00:31:18.447819,bathroom,21.7,1,39.62
2025-04-12 00:31:48.447819,kitchen,20.08,0,30.92
2025-04-12 00:32:18.447819,kitchen,21.9,0,37.17
2025-04-12 00:32:48.447819,bathroom,21.37,1,54.43
2025-04-12 00:33:18.447819,kitchen,19.28,0,64.85
2025-04-12 00:33:48.447819,living_room,25.37,1,42.86
2025-04-12 00:34:18.447819,bedroom,23.88,0,54.74
2025-04-12 00:34:48.447819,bathroom,25.47,0,61.04
2025-04-12 00:35:18.447819,bedroom,21.63,0,53.08
2025-04-12 00:35:48.447819,bathroom,25.52,1,34.79
2025-04-12 00:36:18.447819,bedroom,22.01,0,62.3
2025-04-12 00:36:48.447819,bedroom,20.9,1,39.43
2025-04-12 00:37:18.447819,kitchen,22.28,1,56.17
2025-04-12 00:37:48.447819,living_room,21.96,1,34.36
2025-04-12 00:38:18.447819,bathroom,24.87,1,39.8
2025-04-12 00:38:48.447819,bedroom,21.4,1,48.31
2025-04-12 00:39:18.447819,bathroom,23.99,0,56.54
2025-04-12 00:39:48.447819,living_room,23.21,1,68.94
2025-04-12 00:40:18.447819,bedroom,23.85,1,66.43
2025-04-12 00:40:48.447819,bathroom,21.56,0,57.2
2025-04-12 00:41:18.447819,bedroom,23.77,0,42.1
2025-04-12 00:41:48.447819,bathroom,23.58,0,37.21
2025-04-12 00:42:18.447819,kitchen,23.43,0,64.73
2025-04-12 00:42:48.447819,bathroom,22.97,0,52.44
2025-04-12 00:43:18.447819,living_room,25.35,1,46.2
2025-04-12 00:43:48.447819,bathroom,22.56,1,49.37
2025-04-12 00:44:18.447819,kitchen,22.06,1,59.24
2025-04-12 00:44:48.447819,bathroom,20.14,0,62.63
2025-04-12 00:45:18.447819,living_room,19.36,0,63.94
2025-04-12 00:45:48.447819,bedroom,22.12,0,46.9
2025-04-12 00:46:18.447819,bathroom,21.62,1,59.48
2025-04-12 00:46:48.447819,bathroom,21.19,1,62.24
2025-04-12 00:47:18.447819,bathroom,22.18,0,52.88
2025-04-12 00:47:48.447819,bathroom,26.11,1,34.93
2025-04-12 00:48:18.447819,living_room,22.15,1,48.63
2025-04-12 00:48:48.447819,bathroom,23.38,0,55.77
2025-04-12 00:49:18.447819,kitchen,17.29,1,39.79
2025-04-12 00:49:48.447819,kitchen,19.92,1,42.51
2025-04-12 00:50:18.447819,kitchen,20.97,1,42.28
2025-04-12 00:50:48.447819,bathroom,24.06,0,44.73
2025-04-12 00:51:18.447819,bedroom,23.14,0,43.18
2025-04-12 00:51:48.447819,bedroom,20.39,1,61.84
2025-04-12 00:52:18.447819,kitchen,24.12,0,38.12
2025-04-12 00:52:48.447819,bathroom,24.0,1,36.79
2025-04-12 00:53:18.447819,bedroom,25.4,0,44.54
2025-04-12 00:53:48.447819,bedroom,18.32,1,47.56
2025-04-12 00:54:18.447819,living_room,20.4,0,54.05
2025-04-12 00:54:48.447819,bedroom,22.91,0,38.63
2025-04-12 00:55:18.447819,kitchen,20.71,0,42.55
2025-04-12 00:55:48.447819,living_room,21.18,0,66.27
2025-04-12 00:56:18.447819,bathroom,24.55,1,46.89
2025-04-12 00:56:48.447819,living_room,22.25,1,34.32
2025-04-12 00:57:18.447819,bedroom,23.22,1,43.11
2025-04-12 00:57:48.447819,living_room,22.75,1,39.2
2025-04-12 00:58:18.447819,kitchen,25.56,1,49.11
2025-04-12 00:58:48.447819,living_room,20.54,0,52.27
2025-04-12 00:59:18.447819,living_room,21.61,1,53.29
2025-04-12 00:59:48.447819,bedroom,21.44,1,33.36
2025-04-12 01:00:18.447819,bedroom,20.18,1,35.59
2025-04-12 01:00:48.447819,bedroom,22.38,0,55.43
2025-04-12 01:01:18.447819,living_room,21.12,1,46.08
2025-04-12 01:01:48.447819,bathroom,25.01,0,43.74
2025-04-12 01:02:18.447819,living_room,22.26,0,37.67
2025-04-12 01:02:48.447819,kitchen,22.06,1,39.04
2025-04-12 01:03:18.447819,bedroom,20.96,0,40.32
2025-04-12 01:03:48.447819,living_room,22.44,0,59.28
2025-04-12 01:04:18.447819,bathroom,26.34,0,54.64
2025-04-12 01:04:48.447819,bedroom,21.52,1,41.51
2025-04-12 01:05:18.447819,bedroom,24.92,0,38.25
2025-04-12 01:05:48.447819,bedroom,20.1,0,41.85
2025-04-12 01:06:18.447819,bedroom,20.62,1,35.57
2025-04-12 01:06:48.447819,bathroom,22.92,1,37.94
2025-04-12 01:07:18.447819,bedroom,18.7,0,36.62
2025-04-12 01:07:48.447819,living_room,21.35,0,63.15
2025-04-12 01:08:18.447819,kitchen,20.5,0,45.53
2025-04-12 01:08:48.447819,living_room,22.11,1,55.44
2025-04-12 01:09:18.447819,kitchen,20.9,0,32.94
2025-04-12 01:09:48.447819,bathroom,26.19,1,45.81
2025-04-12 01:10:18.447819,kitchen,24.02,1,31.25
2025-04-12 01:10:48.447819,bedroom,21.53,1,32.9
2025-04-12 01:11:18.447819,bedroom,20.17,1,32.53
2025-04-12 01:11:48.447819,living_room,23.06,1,64.97
2025-04-12 01:12:18.447819,bedroom,17.77,1,69.81
2025-04-12 01:12:48.447819,kitchen,20.88,0,48.18
2025-04-12 01:13:18.447819,bathroom,21.21,1,58.83
2025-04-12 01:13:48.447819,bedroom,23.97,0,65.21
2025-04-12 01:14:18.447819,living_room,24.35,1,38.03
2025-04-12 01:14:48.447819,bedroom,26.23,0,33.96
2025-04-12 01:15:18.447819,bathroom,23.87,1,54.31
2025-04-12 01:15:48.447819,bathroom,24.01,1,48.16
2025-04-12 01:16:18.447819,bathroom,25.15,0,31.46
2025-04-12 01:16:48.447819,kitchen,22.22,1,46.05
2025-04-12 01:17:18.447819,bedroom,22.39,0,41.29
2025-04-12 01:17:48.447819,bathroom,21.14,0,54.4
2025-04-12 01:18:18.447819,kitchen,21.52,1,55.27
2025-04-12 01:18:48.447819,living_room,20.89,1,43.31
2025-04-12 01:19:18.447819,bathroom,21.15,1,62.69
2025-04-12 01:19:48.447819,bathroom,16.64,1,62.22
2025-04-12 01:20:18.447819,bedroom,23.83,1,49.83
2025-04-12 01:20:48.447819,bedroom,18.97,1,57.48
2025-04-12 01:21:18.447819,living_room,22.3,1,57.39
2025-04-12 01:21:48.447819,kitchen,23.72,1,32.11
2025-04-12 01:22:18.447819,living_room,23.02,1,47.13
2025-04-12 01:22:48.447819,bathroom,26.38,1,47.24
2025-04-12 01:23:18.447819,bathroom,22.45,1,34.48
2025-04-12 01:23:48.447819,living_room,22.15,0,63.71
2025-04-12 01:24:18.447819,living_room,18.63,0,62.76
2025-04-12 01:24:48.447819,living_room,19.74,0,56.1
2025-04-12 01:25:18.447819,living_room,23.3,0,39.76
2025-04-12 01:25:48.447819,living_room,20.97,0,59.38
2025-04-12 01:26:18.447819,bedroom,18.94,1,52.12
2025-04-12 01:26:48.447819,kitchen,22.93,0,66.89
2025-04-12 01:27:18.447819,kitchen,22.43,1,54.98
2025-04-12 01:27:48.447819,bathroom,22.06,0,30.99
2025-04-12 01:28:18.447819,living_room,19.96,1,33.64
2025-04-12 01:28:48.447819,bathroom,18.49,0,41.03
2025-04-12 01:29:18.447819,living_room,17.54,1,35.0
2025-04-12 01:29:48.447819,living_room,18.52,0,39.22
2025-04-12 01:30:18.447819,living_room,18.62,1,31.89
2025-04-12 01:30:48.447819,bedroom,19.0,1,52.97
2025-04-12 01:31:18.447819,kitchen,22.65,1,45.82
2025-04-12 01:31:48.447819,living_room,22.11,0,46.42
2025-04-12 01:32:18.447819,living_room,22.83,1,59.83
2025-04-12 01:32:48.447819,bedroom,21.6,0,53.67
2025-04-12 01:33:18.447819,bedroom,20.7,0,60.82
2025-04-12 01:33:48.447819,kitchen,24.76,0,41.28
2025-04-12 01:34:18.447819,kitchen,23.25,0,66.3
2025-04-12 01:34:48.447819,bedroom,23.02,0,44.87
2025-04-12 01:35:18.447819,living_room,18.57,1,38.03
2025-04-12 01:35:48.447819,bathroom,20.62,1,61.19
2025-04-12 01:36:18.447819,kitchen,19.16,1,50.46
2025-04-12 01:36:48.447819,bedroom,21.8,0,60.16
2025-04-12 01:37:18.447819,bedroom,17.78,1,50.66
2025-04-12 01:37:48.447819,kitchen,20.49,0,51.84
2025-04-12 01:38:18.447819,bathroom,25.54,0,43.57
2025-04-12 01:38:48.447819,living_room,23.21,0,67.75
2025-04-12 01:39:18.447819,bathroom,20.88,0,55.53
2025-04-12 01:39:48.447819,living_room,23.77,1,52.44
2025-04-12 01:40:18.447819,living_room,22.76,0,49.75
2025-04-12 01:40:48.447819,bedroom,21.09,0,58.62
2025-04-12 01:41:18.447819,living_room,21.98,0,63.09
2025-04-12 01:41:48.447819,kitchen,22.2,1,67.62
2025-04-12 01:42:18.447819,living_room,21.78,0,65.43
2025-04-12 01:42:48.447819,bedroom,21.2,1,69.17
2025-04-12 01:43:18.447819,bathroom,23.01,0,58.64
2025-04-12 01:43:48.447819,kitchen,24.79,0,50.34
2025-04-12 01:44:18.447819,bathroom,20.02,1,48.07
2025-04-12 01:44:48.447819,bedroom,23.99,1,39.14
2025-04-12 01:45:18.447819,bathroom,20.61,1,51.92
2025-04-12 01:45:48.447819,living_room,25.04,0,56.15
2025-04-12 01:46:18.447819,kitchen,23.49,1,63.43
2025-04-12 01:46:48.447819,living_room,21.35,1,69.45
2025-04-12 01:47:18.447819,bedroom,23.4,1,40.41
2025-04-12 01:47:48.447819,living_room,23.33,1,32.45
2025-04-12 01:48:18.447819,bathroom,23.6,1,63.42
2025-04-12 01:48:48.447819,bathroom,22.22,0,65.98
2025-04-12 01:49:18.447819,living_room,20.39,1,51.9
2025-04-12 01:49:48.447819,kitchen,19.79,0,54.47
2025-04-12 01:50:18.447819,kitchen,18.12,0,36.79
2025-04-12 01:50:48.447819,living_room,24.66,1,64.12
2025-04-12 01:51:18.447819,bathroom,20.34,0,56.49
2025-04-12 01:51:48.447819,kitchen,22.43,1,65.95
2025-04-12 01:52:18.447819,kitchen,21.49,0,31.09
2025-04-12 01:52:48.447819,living_room,22.12,0,66.05
2025-04-12 01:53:18.447819,bedroom,22.22,0,32.87
2025-04-12 01:53:48.447819,bedroom,22.9,1,47.8
2025-04-12 01:54:18.447819,kitchen,23.07,0,59.04
2025-04-12 01:54:48.447819,bedroom,19.44,0,31.32
2025-04-12 01:55:18.447819,living_room,23.27,0,66.79
2025-04-12 01:55:48.447819,bathroom,16.8,1,52.71
2025-04-12 01:56:18.447819,bathroom,24.85,1,55.9
2025-04-12 01:56:48.447819,living_room,21.72,1,37.81
2025-04-12 01:57:18.447819,kitchen,17.92,0,41.98
2025-04-12 01:57:48.447819,living_room,18.55,0,51.21
2025-04-12 01:58:18.447819,kitchen,23.23,0,51.89
2025-04-12 01:58:48.447819,bedroom,22.37,1,53.73
2025-04-12 01:59:18.447819,living_room,21.32,1,68.84
2025-04-12 01:59:48.447819,bedroom,19.52,1,42.38
2025-04-12 02:00:18.447819,living_room,22.38,1,42.43
2025-04-12 02:00:48.447819,kitchen,20.64,1,43.8
2025-04-12 02:01:18.447819,bedroom,24.14,1,51.47
2025-04-12 02:01:48.447819,bathroom,20.32,0,52.13
2025-04-12 02:02:18.447819,living_room,20.37,1,48.11
2025-04-12 02:02:48.447819,bathroom,21.58,0,60.86
2025-04-12 02:03:18.447819,bedroom,20.82,0,34.85
2025-04-12 02:03:48.447819,living_room,24.88,1,68.35
2025-04-12 02:04:18.447819,living_room,21.7,0,32.98
2025-04-12 02:04:48.447819,bathroom,20.79,1,54.52
2025-04-12 02:05:18.447819,bedroom,24.02,0,40.31
2025-04-12 02:05:48.447819,bedroom,20.44,1,53.17
2025-04-12 02:06:18.447819,bedroom,21.27,1,43.42
2025-04-12 02:06:48.447819,bedroom,22.63,0,48.4
2025-04-12 02:07:18.447819,bedroom,20.55,1,53.41
2025-04-12 02:07:48.447819,living_room,21.31,0,43.6
2025-04-12 02:08:18.447819,kitchen,19.55,0,35.12
2025-04-12 02:08:48.447819,bathroom,24.07,0,44.07
2025-04-12 02:09:18.447819,living_room,21.04,0,33.76
2025-04-12 02:09:48.447819,bathroom,20.85,1,32.5
2025-04-12 02:10:18.447819,bathroom,24.28,0,43.25
2025-04-12 02:10:48.447819,bedroom,22.41,0,69.9
2025-04-12 02:11:18.447819,bedroom,21.52,1,42.13
2025-04-12 02:11:48.447819,bedroom,17.38,0,44.83
2025-04-12 02:12:18.447819,bedroom,20.86,1,32.3
2025-04-12 02:12:48.447819,living_room,21.21,1,47.67
2025-04-12 02:13:18.447819,kitchen,19.41,0,34.63
2025-04-12 02:13:48.447819,kitchen,21.49,0,45.46
2025-04-12 02:14:18.447819,bathroom,21.71,1,45.1
2025-04-12 02:14:48.447819,bedroom,22.88,1,56.95
2025-04-12 02:15:18.447819,living_room,19.57,1,50.23
2025-04-12 02:15:48.447819,kitchen,21.5,0,56.92
2025-04-12 02:16:18.447819,bathroom,21.23,1,45.05
2025-04-12 02:16:48.447819,living_room,23.34,0,32.95
2025-04-12 02:17:18.447819,living_room,20.22,1,54.64
2025-04-12 02:17:48.447819,bathroom,21.75,0,53.47
2025-04-12 02:18:18.447819,kitchen,21.35,1,48.76
2025-04-12 02:18:48.447819,bedroom,22.27,1,33.79
2025-04-12 02:19:18.447819,living_room,21.5,1,47.47
2025-04-12 02:19:48.447819,bathroom,21.46,1,64.29
2025-04-12 02:20:18.447819,living_room,22.43,0,37.99
2025-04-12 02:20:48.447819,kitchen,24.13,0,59.25
2025-04-12 02:21:18.447819,bathroom,21.93,0,44.16
2025-04-12 02:21:48.447819,bathroom,19.2,1,69.24
2025-04-12 02:22:18.447819,kitchen,20.67,1,50.65
2025-04-12 02:22:48.447819,bedroom,18.17,0,60.01
2025-04-12 02:23:18.447819,kitchen,20.34,0,59.22
2025-04-12 02:23:48.447819,bedroom,20.52,0,46.53
2025-04-12 02:24:18.447819,living_room,22.87,1,37.7
2025-04-12 02:24:48.447819,bathroom,23.5,1,37.87
2025-04-12 02:25:18.447819,living_room,28.16,0,61.72
2025-04-12 02:25:48.447819,bedroom,18.32,0,68.69
2025-04-12 02:26:18.447819,bedroom,18.49,1,48.78
2025-04-12 02:26:48.447819,kitchen,23.24,0,57.2
2025-04-12 02:27:18.447819,bedroom,20.64,0,47.87
2025-04-12 02:27:48.447819,kitchen,18.4,1,40.5
2025-04-12 02:28:18.447819,bathroom,20.57,1,46.0
2025-04-12 02:28:48.447819,kitchen,24.03,0,57.63
2025-04-12 02:29:18.447819,bedroom,21.69,0,62.44
2025-04-12 02:29:48.447819,kitchen,21.21,0,54.89
2025-04-12 02:30:18.447819,bathroom,23.26,1,55.38
2025-04-12 02:30:48.447819,bathroom,23.39,0,58.85
2025-04-12 02:31:18.447819,kitchen,22.85,1,37.94
2025-04-12 02:31:48.447819,bathroom,18.86,1,38.44
2025-04-12 02:32:18.447819,kitchen,23.02,0,67.87
2025-04-12 02:32:48.447819,living_room,19.41,1,37.84
2025-04-12 02:33:18.447819,bedroom,19.15,0,60.05
2025-04-12 02:33:48.447819,kitchen,23.18,0,43.11
2025-04-12 02:34:18.447819,bedroom,20.79,1,40.65
2025-04-12 02:34:48.447819,living_room,22.85,1,66.78
2025-04-12 02:35:18.447819,bedroom,23.8,0,55.86
2025-04-12 02:35:48.447819,kitchen,20.91,1,41.55
2025-04-12 02:36:18.447819,kitchen,21.88,1,33.18
2025-04-12 02:36:48.447819,living_room,22.25,1,53.57
2025-04-12 02:37:18.447819,kitchen,19.75,0,40.97
2025-04-12 02:37:48.447819,bedroom,20.49,1,37.29
2025-04-12 02:38:18.447819,kitchen,24.64,0,45.48
2025-04-12 02:38:48.447819,kitchen,22.72,1,58.28
2025-04-12 02:39:18.447819,bathroom,23.22,0,52.03
2025-04-12 02:39:48.447819,bathroom,23.77,1,63.31
2025-04-12 02:40:18.447819,bathroom,25.45,1,58.44
2025-04-12 02:40:48.447819,bathroom,21.72,1,50.93
2025-04-12 02:41:18.447819,bedroom,21.8,0,31.22
2025-04-12 02:41:48.447819,bathroom,20.42,0,41.5
2025-04-12 02:42:18.447819,bathroom,21.05,0,42.93
2025-04-12 02:42:48.447819,bedroom,24.44,1,59.16
2025-04-12 02:43:18.447819,bedroom,23.33,1,47.79
2025-04-12 02:43:48.447819,bathroom,24.48,0,43.41
2025-04-12 02:44:18.447819,living_room,22.46,0,46.81
2025-04-12 02:44:48.447819,bathroom,25.98,0,39.59
2025-04-12 02:45:18.447819,living_room,21.41,1,35.18
2025-04-12 02:45:48.447819,bathroom,24.4,1,44.67
2025-04-12 02:46:18.447819,living_room,20.94,1,44.33
2025-04-12 02:46:48.447819,bathroom,24.54,1,62.39
2025-04-12 02:47:18.447819,living_room,20.26,1,49.01
2025-04-12 02:47:48.447819,bedroom,23.11,0,67.11
2025-04-12 02:48:18.447819,living_room,19.63,1,35.59
2025-04-12 02:48:48.447819,bathroom,21.41,1,67.27
2025-04-12 02:49:18.447819,bathroom,25.26,0,54.93
2025-04-12 02:49:48.447819,bathroom,22.73,1,38.46
2025-04-12 02:50:18.447819,living_room,20.95,0,51.27
2025-04-12 02:50:48.447819,kitchen,24.59,1,41.24
2025-04-12 02:51:18.447819,living_room,23.03,1,31.45
2025-04-12 02:51:48.447819,bedroom,21.3,1,40.54
2025-04-12 02:52:18.447819,kitchen,20.44,0,32.33
2025-04-12 02:52:48.447819,bedroom,21.8,0,45.47
2025-04-12 02:53:18.447819,kitchen,24.99,1,66.89
2025-04-12 02:53:48.447819,bathroom,26.73,1,67.19
2025-04-12 02:54:18.447819,bedroom,21.99,0,53.81
2025-04-12 02:54:48.447819,bedroom,19.62,0,58.52
2025-04-12 02:55:18.447819,living_room,22.53,1,38.84
2025-04-12 02:55:48.447819,kitchen,23.11,0,47.83
2025-04-12 02:56:18.447819,bedroom,22.67,1,40.62
2025-04-12 02:56:48.447819,living_room,21.82,0,31.89
2025-04-12 02:57:18.447819,living_room,20.85,0,38.87
2025-04-12 02:57:48.447819,kitchen,21.24,1,69.01
2025-04-12 02:58:18.447819,bathroom,20.59,0,68.18
2025-04-12 02:58:48.447819,living_room,23.65,1,44.89
2025-04-12 02:59:18.447819,bedroom,18.67,0,60.18
2025-04-12 02:59:48.447819,bathroom,18.9,1,36.89
2025-04-12 03:00:18.447819,bathroom,22.22,0,36.23
2025-04-12 03:00:48.447819,kitchen,22.12,0,63.23
2025-04-12 03:01:18.447819,living_room,28.28,1,30.18
2025-04-12 03:01:48.447819,bedroom,21.13,0,60.44
2025-04-12 03:02:18.447819,bedroom,21.58,1,55.98
2025-04-12 03:02:48.447819,bedroom,22.65,1,56.46
2025-04-12 03:03:18.447819,bathroom,21.22,1,34.18
2025-04-12 03:03:48.447819,bathroom,23.77,1,41.0
2025-04-12 03:04:18.447819,bedroom,20.18,0,58.78
2025-04-12 03:04:48.447819,bedroom,19.7,1,32.59
2025-04-12 03:05:18.447819,bedroom,24.28,1,33.66
2025-04-12 03:05:48.447819,bedroom,21.77,1,63.77
2025-04-12 03:06:18.447819,kitchen,22.78,0,53.77
2025-04-12 03:06:48.447819,living_room,24.15,0,67.8
2025-04-12 03:07:18.447819,bedroom,21.39,1,48.23
2025-04-12 03:07:48.447819,bedroom,22.38,1,60.82
2025-04-12 03:08:18.447819,kitchen,21.43,0,30.9
2025-04-12 03:08:48.447819,bedroom,22.02,0,36.26
2025-04-12 03:09:18.447819,kitchen,22.95,0,59.09
2025-04-12 03:09:48.447819,living_room,19.37,1,66.63
2025-04-12 03:10:18.447819,bedroom,21.32,1,57.98
2025-04-12 03:10:48.447819,bedroom,18.88,0,37.92
2025-04-12 03:11:18.447819,kitchen,20.37,1,31.58
2025-04-12 03:11:48.447819,bedroom,25.05,0,63.0
2025-04-12 03:12:18.447819,living_room,23.77,0,65.46
2025-04-12 03:12:48.447819,bedroom,24.5,0,65.06
2025-04-12 03:13:18.447819,bedroom,22.05,1,57.51
2025-04-12 03:13:48.447819,kitchen,22.32,0,43.49
2025-04-12 03:14:18.447819,bathroom,23.2,1,36.28
2025-04-12 03:14:48.447819,living_room,22.41,0,35.2
2025-04-12 03:15:18.447819,living_room,23.49,0,33.05
2025-04-12 03:15:48.447819,kitchen,22.34,1,55.07
2025-04-12 03:16:18.447819,living_room,22.17,1,52.16
2025-04-12 03:16:48.447819,bedroom,22.61,0,69.95
2025-04-12 03:17:18.447819,bedroom,18.98,1,68.36
2025-04-12 03:17:48.447819,bedroom,19.81,0,51.59
2025-04-12 03:18:18.447819,bathroom,20.84,0,59.21
2025-04-12 03:18:48.447819,kitchen,24.88,0,47.93
2025-04-12 03:19:18.447819,bathroom,25.0,1,43.62
2025-04-12 03:19:48.447819,bedroom,21.66,1,59.02
2025-04-12 03:20:18.447819,living_room,22.57,0,39.75
2025-04-12 03:20:48.447819,bedroom,24.14,0,49.44
2025-04-12 03:21:18.447819,living_room,21.33,1,62.0
2025-04-12 03:21:48.447819,kitchen,24.97,0,48.07
2025-04-12 03:22:18.447819,kitchen,22.46,1,61.98
2025-04-12 03:22:48.447819,bathroom,22.52,0,59.4
2025-04-12 03:23:18.447819,bedroom,24.17,1,31.03
2025-04-12 03:23:48.447819,kitchen,23.33,1,39.05
2025-04-12 03:24:18.447819,bedroom,23.54,1,32.4
2025-04-12 03:24:48.447819,kitchen,21.49,0,40.49
2025-04-12 03:25:18.447819,bedroom,20.87,1,58.59
2025-04-12 03:25:48.447819,bedroom,21.25,1,39.29
2025-04-12 03:26:18.447819,kitchen,20.16,1,69.0
2025-04-12 03:26:48.447819,bathroom,22.66,1,58.55
2025-04-12 03:27:18.447819,living_room,21.75,1,48.47
2025-04-12 03:27:48.447819,kitchen,22.48,0,40.73
2025-04-12 03:28:18.447819,kitchen,24.84,1,55.21
2025-04-12 03:28:48.447819,bathroom,20.35,0,59.14
2025-04-12 03:29:18.447819,bathroom,22.42,0,30.35
2025-04-12 03:29:48.447819,bedroom,25.7,1,34.13
2025-04-12 03:30:18.447819,bedroom,22.68,1,54.13
2025-04-12 03:30:48.447819,bedroom,22.83,1,62.24
2025-04-12 03:31:18.447819,bathroom,22.67,0,52.31
2025-04-12 03:31:48.447819,bathroom,21.16,0,69.1
2025-04-12 03:32:18.447819,bathroom,22.57,1,44.22
2025-04-12 03:32:48.447819,bedroom,20.92,0,45.02
2025-04-12 03:33:18.447819,bathroom,21.01,0,58.26
2025-04-12 03:33:48.447819,kitchen,17.65,1,38.2
2025-04-12 03:34:18.447819,living_room,21.91,1,46.33
2025-04-12 03:34:48.447819,living_room,20.95,0,54.86
2025-04-12 03:35:18.447819,kitchen,20.11,1,69.49
2025-04-12 03:35:48.447819,kitchen,24.23,1,33.82
2025-04-12 03:36:18.447819,living_room,22.16,0,61.12
2025-04-12 03:36:48.447819,kitchen,18.93,0,45.69
2025-04-12 03:37:18.447819,bathroom,24.08,1,53.47
2025-04-12 03:37:48.447819,kitchen,23.33,1,61.95
2025-04-12 03:38:18.447819,bathroom,23.07,1,43.3
2025-04-12 03:38:48.447819,bedroom,20.08,1,44.93
2025-04-12 03:39:18.447819,bedroom,24.26,1,61.86
2025-04-12 03:39:48.447819,bedroom,21.3,0,56.39
2025-04-12 03:40:18.447819,kitchen,19.5,0,35.01
2025-04-12 03:40:48.447819,bedroom,22.22,0,63.1
2025-04-12 03:41:18.447819,living_room,21.84,1,36.24
2025-04-12 03:41:48.447819,kitchen,21.94,1,55.96
2025-04-12 03:42:18.447819,living_room,20.35,1,61.84
2025-04-12 03:42:48.447819,living_room,21.43,1,59.49
2025-04-12 03:43:18.447819,bathroom,21.22,1,40.8
2025-04-12 03:43:48.447819,bathroom,21.6,1,39.16
2025-04-12 03:44:18.447819,bathroom,23.94,1,32.21
2025-04-12 03:44:48.447819,bedroom,18.56,1,64.66
2025-04-12 03:45:18.447819,bedroom,19.9,1,65.46
2025-04-12 03:45:48.447819,bathroom,23.41,0,60.81
2025-04-12 03:46:18.447819,kitchen,26.48,1,66.14
2025-04-12 03:46:48.447819,kitchen,21.87,1,51.44
2025-04-12 03:47:18.447819,bathroom,21.31,0,34.37
2025-04-12 03:47:48.447819,living_room,23.92,0,47.0
2025-04-12 03:48:18.447819,bathroom,21.44,0,68.62
2025-04-12 03:48:48.447819,bedroom,22.76,1,31.61
2025-04-12 03:49:18.447819,bedroom,19.01,1,56.16
2025-04-12 03:49:48.447819,kitchen,22.47,0,41.15
2025-04-12 03:50:18.447819,bathroom,22.17,0,68.24
2025-04-12 03:50:48.447819,living_room,20.61,0,64.42
2025-04-12 03:51:18.447819,kitchen,23.87,0,57.8
2025-04-12 03:51:48.447819,bedroom,22.95,1,34.02
2025-04-12 03:52:18.447819,bathroom,25.52,1,41.08
2025-04-12 03:52:48.447819,kitchen,22.5,1,31.14
2025-04-12 03:53:18.447819,bathroom,22.77,0,30.46
2025-04-12 03:53:48.447819,living_room,21.02,1,31.97
2025-04-12 03:54:18.447819,kitchen,19.05,0,53.53
2025-04-12 03:54:48.447819,living_room,16.87,0,47.12
2025-04-12 03:55:18.447819,bedroom,24.54,0,43.07
2025-04-12 03:55:48.447819,kitchen,20.09,1,48.81
2025-04-12 03:56:18.447819,living_room,25.25,0,62.18
2025-04-12 03:56:48.447819,living_room,19.63,1,36.88
2025-04-12 03:57:18.447819,kitchen,26.36,1,66.21
2025-04-12 03:57:48.447819,kitchen,20.27,0,62.05
2025-04-12 03:58:18.447819,bedroom,18.71,0,46.2
2025-04-12 03:58:48.447819,kitchen,22.28,1,41.06
2025-04-12 03:59:18.447819,bathroom,23.97,0,35.34
2025-04-12 03:59:48.447819,bathroom,23.15,0,47.39
2025-04-12 04:00:18.447819,living_room,22.06,1,52.16
2025-04-12 04:00:48.447819,bedroom,23.79,0,61.97
2025-04-12 04:01:18.447819,kitchen,19.63,1,38.37
2025-04-12 04:01:48.447819,bathroom,20.88,1,59.76
2025-04-12 04:02:18.447819,bedroom,24.86,1,38.56
2025-04-12 04:02:48.447819,bathroom,20.57,0,65.01
2025-04-12 04:03:18.447819,bathroom,22.35,1,31.18
2025-04-12 04:03:48.447819,living_room,21.04,0,63.28
2025-04-12 04:04:18.447819,bedroom,24.11,1,48.08
2025-04-12 04:04:48.447819,kitchen,22.53,1,44.09
2025-04-12 04:05:18.447819,kitchen,20.25,0,34.0
2025-04-12 04:05:48.447819,bathroom,22.14,1,44.26
2025-04-12 04:06:18.447819,living_room,21.97,1,40.67
2025-04-12 04:06:48.447819,living_room,21.83,1,60.51
2025-04-12 04:07:18.447819,living_room,21.35,1,60.74
2025-04-12 04:07:48.447819,living_room,26.71,1,55.91
2025-04-12 04:08:18.447819,bathroom,20.66,0,36.61
2025-04-12 04:08:48.447819,kitchen,21.84,0,57.49
2025-04-12 04:09:18.447819,kitchen,19.66,1,32.02
2025-04-12 04:09:48.447819,bathroom,22.77,1,41.51
2025-04-12 04:10:18.447819,bathroom,24.17,0,52.88
2025-04-12 04:10:48.447819,living_room,21.56,0,51.9
2025-04-12 04:11:18.447819,kitchen,21.79,0,48.26
2025-04-12 04:11:48.447819,bedroom,21.49,0,34.34
2025-04-12 04:12:18.447819,bedroom,20.67,1,61.19
2025-04-12 04:12:48.447819,kitchen,16.08,1,53.46
2025-04-12 04:13:18.447819,kitchen,20.07,1,66.13
2025-04-12 04:13:48.447819,bedroom,21.57,0,51.51
2025-04-12 04:14:18.447819,living_room,23.46,0,55.12
2025-04-12 04:14:48.447819,kitchen,21.69,1,49.63
2025-04-12 04:15:18.447819,kitchen,25.38,0,36.14
2025-04-12 04:15:48.447819,bathroom,22.34,1,58.2
2025-04-12 04:16:18.447819,bathroom,18.52,1,42.4
2025-04-12 04:16:48.447819,bedroom,19.11,0,65.64
2025-04-12 04:17:18.447819,living_room,21.63,1,54.44
2025-04-12 04:17:48.447819,living_room,22.72,0,55.08
2025-04-12 04:18:18.447819,bathroom,20.01,1,38.39
2025-04-12 04:18:48.447819,kitchen,24.8,0,34.21
2025-04-12 04:19:18.447819,living_room,19.24,0,50.53
2025-04-12 04:19:48.447819,kitchen,23.73,1,34.0
2025-04-12 04:20:18.447819,kitchen,21.42,1,60.2
2025-04-12 04:20:48.447819,kitchen,23.35,1,33.93
2025-04-12 04:21:18.447819,bedroom,19.39,0,42.54
2025-04-12 04:21:48.447819,living_room,21.49,1,49.08
2025-04-12 04:22:18.447819,bathroom,23.13,0,59.3
2025-04-12 04:22:48.447819,kitchen,24.17,1,54.63
2025-04-12 04:23:18.447819,bathroom,25.18,0,43.39
2025-04-12 04:23:48.447819,bathroom,21.66,0,62.69
2025-04-12 04:24:18.447819,kitchen,22.73,0,55.97
2025-04-12 04:24:48.447819,bedroom,23.36,1,60.43
2025-04-12 04:25:18.447819,kitchen,21.39,0,55.45
2025-04-12 04:25:48.447819,bathroom,21.41,0,31.32
2025-04-12 04:26:18.447819,kitchen,22.47,1,35.31
2025-04-12 04:26:48.447819,kitchen,21.65,0,34.16
2025-04-12 04:27:18.447819,kitchen,22.57,0,49.62
2025-04-12 04:27:48.447819,bathroom,23.5,0,36.72
2025-04-12 04:28:18.447819,bedroom,23.36,1,33.24
2025-04-12 04:28:48.447819,bathroom,19.95,0,66.91
2025-04-12 04:29:18.447819,bedroom,16.8,0,66.43
2025-04-12 04:29:48.447819,kitchen,19.19,0,51.83
2025-04-12 04:30:18.447819,living_room,22.57,0,64.7
2025-04-12 04:30:48.447819,bathroom,22.33,1,60.73
2025-04-12 04:31:18.447819,living_room,22.31,1,60.95
2025-04-12 04:31:48.447819,bathroom,21.26,0,55.59
2025-04-12 04:32:18.447819,bathroom,23.83,1,52.51
2025-04-12 04:32:48.447819,bathroom,25.33,1,58.08
2025-04-12 04:33:18.447819,bedroom,22.48,0,40.76
2025-04-12 04:33:48.447819,bedroom,22.21,1,45.77
2025-04-12 04:34:18.447819,kitchen,23.48,1,44.11
2025-04-12 04:34:48.447819,kitchen,22.5,0,63.82
2025-04-12 04:35:18.447819,kitchen,20.56,0,69.29
2025-04-12 04:35:48.447819,bathroom,22.76,1,63.89
2025-04-12 04:36:18.447819,kitchen,25.46,1,32.54
2025-04-12 04:36:48.447819,kitchen,22.77,1,51.92
2025-04-12 04:37:18.447819,bedroom,21.05,0,35.9
2025-04-12 04:37:48.447819,kitchen,19.6,1,54.54
2025-04-12 04:38:18.447819,bathroom,22.32,0,49.72
2025-04-12 04:38:48.447819,living_room,20.69,0,53.14
2025-04-12 04:39:18.447819,bedroom,20.29,0,53.85
2025-04-12 04:39:48.447819,living_room,17.31,0,59.01
2025-04-12 04:40:18.447819,bathroom,19.78,0,61.85
2025-04-12 04:40:48.447819,living_room,20.2,1,60.11
2025-04-12 04:41:18.447819,bedroom,23.48,1,31.89
2025-04-12 04:41:48.447819,kitchen,20.36,1,41.22
2025-04-12 04:42:18.447819,kitchen,21.92,1,32.89
2025-04-12 04:42:48.447819,bathroom,22.61,0,42.96
2025-04-12 04:43:18.447819,living_room,19.09,1,44.51
2025-04-12 04:43:48.447819,bathroom,24.35,1,58.78
2025-04-12 04:44:18.447819,bathroom,20.05,1,47.71
2025-04-12 04:44:48.447819,kitchen,21.68,0,37.21
2025-04-12 04:45:18.447819,bathroom,20.55,0,47.41
2025-04-12 04:45:48.447819,kitchen,19.14,1,47.2
2025-04-12 04:46:18.447819,kitchen,19.89,1,69.56
2025-04-12 04:46:48.447819,bedroom,21.0,1,48.11
2025-04-12 04:47:18.447819,bedroom,19.1,0,67.45
2025-04-12 04:47:48.447819,bathroom,20.01,1,51.25
2025-04-12 04:48:18.447819,kitchen,18.94,1,64.86
2025-04-12 04:48:48.447819,living_room,20.43,0,56.94
2025-04-12 04:49:18.447819,kitchen,21.38,0,51.22
2025-04-12 04:49:48.447819,kitchen,19.07,1,40.98
2025-04-12 04:50:18.447819,living_room,21.39,0,51.89
2025-04-12 04:50:48.447819,kitchen,22.78,1,58.27
2025-04-12 04:51:18.447819,bedroom,21.79,0,58.9
2025-04-12 04:51:48.447819,living_room,22.09,0,65.33
2025-04-12 04:52:18.447819,bathroom,20.37,0,36.44
2025-04-12 04:52:48.447819,bedroom,25.77,0,65.25
2025-04-12 04:53:18.447819,bathroom,22.42,1,31.55
2025-04-12 04:53:48.447819,living_room,21.37,0,31.92
2025-04-12 04:54:18.447819,living_room,21.28,1,59.05
2025-04-12 04:54:48.447819,kitchen,25.12,1,37.76
2025-04-12 04:55:18.447819,kitchen,20.53,1,55.18
2025-04-12 04:55:48.447819,bedroom,24.83,1,66.01
2025-04-12 04:56:18.447819,bathroom,20.4,0,68.18
2025-04-12 04:56:48.447819,bedroom,21.71,0,48.63
2025-04-12 04:57:18.447819,living_room,21.39,0,41.04
2025-04-12 04:57:48.447819,bedroom,20.99,0,33.45
2025-04-12 04:58:18.447819,kitchen,24.98,1,53.54
2025-04-12 04:58:48.447819,kitchen,20.57,0,69.18
2025-04-12 04:59:18.447819,living_room,26.41,1,63.31
2025-04-12 04:59:48.447819,kitchen,22.32,0,39.87
2025-04-12 05:00:18.447819,kitchen,21.91,1,49.0
2025-04-12 05:00:48.447819,bedroom,20.42,0,31.61
2025-04-12 05:01:18.447819,kitchen,24.9,1,39.38
2025-04-12 05:01:48.447819,bedroom,24.39,1,57.91
2025-04-12 05:02:18.447819,bedroom,20.57,1,34.63
2025-04-12 05:02:48.447819,kitchen,19.25,0,44.02
2025-04-12 05:03:18.447819,kitchen,25.27,1,55.81
2025-04-12 05:03:48.447819,kitchen,21.13,1,63.7
2025-04-12 05:04:18.447819,living_room,23.86,1,49.24
2025-04-12 05:04:48.447819,bedroom,23.93,0,69.76
2025-04-12 05:05:18.447819,bathroom,23.96,1,37.66
2025-04-12 05:05:48.447819,bathroom,22.33,0,69.15
2025-04-12 05:06:18.447819,living_room,24.3,1,49.68
2025-04-12 05:06:48.447819,kitchen,27.39,0,37.75
2025-04-12 05:07:18.447819,bathroom,25.78,1,66.0
2025-04-12 05:07:48.447819,bathroom,22.73,0,36.91
2025-04-12 05:08:18.447819,bathroom,22.45,1,36.64
2025-04-12 05:08:48.447819,kitchen,19.53,0,69.29
2025-04-12 05:09:18.447819,bedroom,22.93,1,49.83
2025-04-12 05:09:48.447819,bedroom,23.92,1,69.74
2025-04-12 05:10:18.447819,living_room,20.9,0,37.03
2025-04-12 05:10:48.447819,bathroom,21.62,1,45.5
2025-04-12 05:11:18.447819,living_room,23.67,0,60.76
2025-04-12 05:11:48.447819,living_room,20.23,0,56.72
2025-04-12 05:12:18.447819,bedroom,22.86,1,46.73
2025-04-12 05:12:48.447819,bedroom,22.91,1,63.85
2025-04-12 05:13:18.447819,living_room,22.53,0,54.65
2025-04-12 05:13:48.447819,living_room,23.46,0,69.73
2025-04-12 05:14:18.447819,bathroom,20.64,1,38.86
2025-04-12 05:14:48.447819,bathroom,19.24,0,49.03
2025-04-12 05:15:18.447819,kitchen,20.92,0,65.34
2025-04-12 05:15:48.447819,bedroom,22.54,1,30.66
2025-04-12 05:16:18.447819,living_room,23.73,0,33.69
2025-04-12 05:16:48.447819,bedroom,20.91,1,38.29
2025-04-12 05:17:18.447819,bedroom,19.02,0,41.0
2025-04-12 05:17:48.447819,bathroom,23.83,1,52.12
2025-04-12 05:18:18.447819,bathroom,24.85,0,69.05
2025-04-12 05:18:48.447819,bathroom,18.39,1,53.08
2025-04-12 05:19:18.447819,living_room,22.35,0,63.18
2025-04-12 05:19:48.447819,kitchen,22.51,1,57.01
2025-04-12 05:20:18.447819,bathroom,20.07,1,64.27
2025-04-12 05:20:48.447819,kitchen,22.55,0,69.68
2025-04-12 05:21:18.447819,bedroom,20.68,1,66.03
2025-04-12 05:21:48.447819,kitchen,25.08,1,67.45
2025-04-12 05:22:18.447819,kitchen,25.13,1,60.29
2025-04-12 05:22:48.447819,kitchen,23.44,1,43.38
2025-04-12 05:23:18.447819,bathroom,20.93,1,66.76
2025-04-12 05:23:48.447819,living_room,23.07,0,65.65
2025-04-12 05:24:18.447819,bathroom,21.39,0,38.5
2025-04-12 05:24:48.447819,bedroom,22.74,0,50.53
2025-04-12 05:25:18.447819,kitchen,23.24,1,55.17
2025-04-12 05:25:48.447819,living_room,22.37,0,69.52
2025-04-12 05:26:18.447819,bedroom,22.46,0,42.23
2025-04-12 05:26:48.447819,kitchen,20.77,1,56.33
2025-04-12 05:27:18.447819,bathroom,23.27,0,48.83
2025-04-12 05:27:48.447819,bedroom,21.14,1,47.39
2025-04-12 05:28:18.447819,bathroom,22.12,1,53.06
2025-04-12 05:28:48.447819,kitchen,18.35,1,61.32
2025-04-12 05:29:18.447819,living_room,23.51,1,62.1
2025-04-12 05:29:48.447819,bedroom,23.08,1,49.1
2025-04-12 05:30:18.447819,living_room,22.15,1,41.44
2025-04-12 05:30:48.447819,living_room,19.45,1,39.96
2025-04-12 05:31:18.447819,bathroom,20.97,0,68.53
2025-04-12 05:31:48.447819,living_room,23.02,1,68.55
2025-04-12 05:32:18.447819,living_room,21.12,1,35.26
2025-04-12 05:32:48.447819,living_room,18.49,0,49.24
2025-04-12 05:33:18.447819,bathroom,24.28,0,52.7
2025-04-12 05:33:48.447819,bedroom,20.82,1,46.3
2025-04-12 05:34:18.447819,living_room,24.27,1,57.76
2025-04-12 05:34:48.447819,bathroom,23.11,1,39.31
2025-04-12 05:35:18.447819,kitchen,17.96,0,51.63
2025-04-12 05:35:48.447819,living_room,23.07,0,66.27
2025-04-12 05:36:18.447819,kitchen,22.64,0,35.76
2025-04-12 05:36:48.447819,kitchen,20.93,1,63.13
2025-04-12 05:37:18.447819,bedroom,20.66,0,50.22
2025-04-12 05:37:48.447819,bedroom,23.35,0,57.79
2025-04-12 05:38:18.447819,living_room,25.2,1,33.18
2025-04-12 05:38:48.447819,bathroom,23.02,1,38.67
2025-04-12 05:39:18.447819,bedroom,22.89,1,30.33
2025-04-12 05:39:48.447819,bedroom,19.37,1,32.72
2025-04-12 05:40:18.447819,kitchen,22.0,1,69.3
2025-04-12 05:40:48.447819,bathroom,21.19,0,69.04
2025-04-12 05:41:18.447819,living_room,23.19,1,56.36
2025-04-12 05:41:48.447819,kitchen,27.51,0,63.84
2025-04-12 05:42:18.447819,kitchen,23.31,1,52.55
2025-04-12 05:42:48.447819,kitchen,25.75,1,53.56
2025-04-12 05:43:18.447819,living_room,24.3,1,34.08
2025-04-12 05:43:48.447819,bathroom,21.31,1,42.79
2025-04-12 05:44:18.447819,living_room,24.4,1,46.46
2025-04-12 05:44:48.447819,bedroom,21.94,0,31.06
2025-04-12 05:45:18.447819,kitchen,22.73,1,32.21
2025-04-12 05:45:48.447819,living_room,22.6,1,60.26
2025-04-12 05:46:18.447819,living_room,24.37,0,50.19
2025-04-12 05:46:48.447819,bathroom,20.85,1,48.67
2025-04-12 05:47:18.447819,kitchen,24.42,1,61.3
2025-04-12 05:47:48.447819,bathroom,22.61,0,51.54
2025-04-12 05:48:18.447819,bathroom,20.93,0,35.98
2025-04-12 05:48:48.447819,kitchen,23.72,1,44.48
2025-04-12 05:49:18.447819,kitchen,21.69,0,40.08
2025-04-12 05:49:48.447819,kitchen,21.71,1,67.59
2025-04-12 05:50:18.447819,living_room,20.88,0,52.19
2025-04-12 05:50:48.447819,bathroom,20.54,1,47.34
2025-04-12 05:51:18.447819,bathroom,24.51,0,49.56
2025-04-12 05:51:48.447819,bedroom,23.0,0,55.01
2025-04-12 05:52:18.447819,bathroom,22.99,1,57.77
2025-04-12 05:52:48.447819,kitchen,22.16,1,32.03
2025-04-12 05:53:18.447819,kitchen,21.51,1,40.04
2025-04-12 05:53:48.447819,bedroom,19.95,1,64.79
2025-04-12 05:54:18.447819,living_room,20.24,0,48.93
2025-04-12 05:54:48.447819,bathroom,21.08,1,58.33
2025-04-12 05:55:18.447819,bathroom,21.54,0,31.24
2025-04-12 05:55:48.447819,kitchen,23.67,1,33.91
2025-04-12 05:56:18.447819,kitchen,21.57,0,66.71
2025-04-12 05:56:48.447819,kitchen,22.69,1,42.09
2025-04-12 05:57:18.447819,living_room,18.25,0,57.21
2025-04-12 05:57:48.447819,living_room,23.78,0,39.86
2025-04-12 05:58:18.447819,bedroom,17.53,0,46.56
2025-04-12 05:58:48.447819,bedroom,22.4,1,47.62
2025-04-12 05:59:18.447819,kitchen,24.17,0,49.92
2025-04-12 05:59:48.447819,bathroom,20.58,0,34.45
2025-04-12 06:00:18.447819,bedroom,19.8,0,62.04
2025-04-12 06:00:48.447819,kitchen,23.68,1,38.5
2025-04-12 06:01:18.447819,kitchen,21.48,0,67.79
2025-04-12 06:01:48.447819,kitchen,21.55,0,49.03
2025-04-12 06:02:18.447819,kitchen,24.69,0,69.88
2025-04-12 06:02:48.447819,bedroom,22.47,0,56.65
2025-04-12 06:03:18.447819,bedroom,20.25,1,63.95
2025-04-12 06:03:48.447819,kitchen,20.7,0,56.54
2025-04-12 06:04:18.447819,living_room,19.27,1,67.77
2025-04-12 06:04:48.447819,living_room,22.22,0,68.71
2025-04-12 06:05:18.447819,bedroom,25.58,0,31.64
2025-04-12 06:05:48.447819,living_room,21.49,1,34.0
2025-04-12 06:06:18.447819,bedroom,22.76,1,47.88
2025-04-12 06:06:48.447819,bathroom,26.9,1,52.29
2025-04-12 06:07:18.447819,kitchen,23.49,0,47.53
2025-04-12 06:07:48.447819,bedroom,20.73,1,39.49
2025-04-12 06:08:18.447819,bathroom,22.74,1,55.87
2025-04-12 06:08:48.447819,kitchen,22.02,1,41.54
2025-04-12 06:09:18.447819,bedroom,22.85,1,30.97
2025-04-12 06:09:48.447819,kitchen,21.0,1,55.76
2025-04-12 06:10:18.447819,bedroom,21.56,1,64.18
2025-04-12 06:10:48.447819,kitchen,20.95,1,34.63
2025-04-12 06:11:18.447819,bedroom,22.39,1,36.01
2025-04-12 06:11:48.447819,living_room,22.94,1,36.71
2025-04-12 06:12:18.447819,bathroom,18.49,0,32.3
2025-04-12 06:12:48.447819,living_room,22.46,1,67.25
2025-04-12 06:13:18.447819,bedroom,24.75,1,40.85
2025-04-12 06:13:48.447819,bedroom,21.51,1,66.42
2025-04-12 06:14:18.447819,kitchen,21.76,0,44.16
2025-04-12 06:14:48.447819,bathroom,19.06,0,34.14
2025-04-12 06:15:18.447819,living_room,22.1,1,50.22
2025-04-12 06:15:48.447819,bedroom,24.3,1,41.7
2025-04-12 06:16:18.447819,living_room,21.74,1,39.25
2025-04-12 06:16:48.447819,kitchen,22.4,1,55.47
2025-04-12 06:17:18.447819,bathroom,24.0,1,50.96
2025-04-12 06:17:48.447819,living_room,24.67,1,39.87
2025-04-12 06:18:18.447819,bathroom,22.32,0,39.92
2025-04-12 06:18:48.447819,bathroom,21.35,1,43.98
2025-04-12 06:19:18.447819,bathroom,21.57,1,51.54
2025-04-12 06:19:48.447819,living_room,22.17,1,57.51
2025-04-12 06:20:18.447819,living_room,22.21,0,65.83
2025-04-12 06:20:48.447819,living_room,21.33,0,60.21
2025-04-12 06:21:18.447819,bathroom,23.89,1,34.23
2025-04-12 06:21:48.447819,kitchen,21.42,0,63.34
2025-04-12 06:22:18.447819,living_room,22.04,1,51.23
2025-04-12 06:22:48.447819,kitchen,22.37,1,35.96
2025-04-12 06:23:18.447819,living_room,21.61,0,48.86
2025-04-12 06:23:48.447819,living_room,23.87,1,49.58
2025-04-12 06:24:18.447819,kitchen,15.54,0,53.63
2025-04-12 06:24:48.447819,living_room,20.37,1,54.51
2025-04-12 06:25:18.447819,bedroom,20.76,0,44.77
2025-04-12 06:25:48.447819,living_room,23.44,0,36.82
2025-04-12 06:26:18.447819,kitchen,24.33,0,51.74
2025-04-12 06:26:48.447819,bathroom,22.93,1,47.05
2025-04-12 06:27:18.447819,living_room,25.14,1,43.94
2025-04-12 06:27:48.447819,kitchen,22.78,1,58.15
2025-04-12 06:28:18.447819,bedroom,20.49,1,62.27
2025-04-12 06:28:48.447819,living_room,20.1,1,46.37
2025-04-12 06:29:18.447819,bathroom,26.03,0,67.13
2025-04-12 06:29:48.447819,bedroom,20.4,1,65.03
2025-04-12 06:30:18.447819,bathroom,21.26,0,31.49
2025-04-12 06:30:48.447819,living_room,24.58,1,58.13
2025-04-12 06:31:18.447819,kitchen,23.91,0,32.84
2025-04-12 06:31:48.447819,kitchen,21.73,1,50.47
2025-04-12 06:32:18.447819,bathroom,23.34,0,58.45
2025-04-12 06:32:48.447819,living_room,26.14,0,49.67
2025-04-12 06:33:18.447819,bathroom,25.67,1,31.3
2025-04-12 06:33:48.447819,kitchen,22.72,0,37.83
2025-04-12 06:34:18.447819,bathroom,20.46,0,57.67
2025-04-12 06:34:48.447819,bathroom,24.85,0,34.67
2025-04-12 06:35:18.447819,kitchen,20.85,1,55.13
2025-04-12 06:35:48.447819,living_room,19.32,0,65.26
2025-04-12 06:36:18.447819,living_room,22.54,0,31.67
2025-04-12 06:36:48.447819,bedroom,18.89,0,54.08
2025-04-12 06:37:18.447819,living_room,23.71,0,44.34
2025-04-12 06:37:48.447819,kitchen,20.36,0,51.6
2025-04-12 06:38:18.447819,living_room,24.76,0,65.72
2025-04-12 06:38:48.447819,kitchen,23.9,1,32.09
2025-04-12 06:39:18.447819,kitchen,23.95,0,50.42
2025-04-12 06:39:48.447819,kitchen,22.04,1,41.89
2025-04-12 06:40:18.447819,living_room,21.91,0,64.68
2025-04-12 06:40:48.447819,bathroom,21.54,0,44.8
2025-04-12 06:41:18.447819,kitchen,24.6,0,59.75
2025-04-12 06:41:48.447819,bathroom,20.11,0,44.26
2025-04-12 06:42:18.447819,living_room,21.66,0,47.7
2025-04-12 06:42:48.447819,bedroom,19.94,0,59.95
2025-04-12 06:43:18.447819,bathroom,20.41,0,30.53
2025-04-12 06:43:48.447819,bathroom,22.28,0,49.0
2025-04-12 06:44:18.447819,living_room,25.44,0,59.89
2025-04-12 06:44:48.447819,bedroom,25.95,0,52.25
2025-04-12 06:45:18.447819,living_room,20.92,1,49.59
2025-04-12 06:45:48.447819,living_room,16.63,1,34.83
2025-04-12 06:46:18.447819,bedroom,19.99,0,46.24
2025-04-12 06:46:48.447819,bedroom,20.82,1,30.75
2025-04-12 06:47:18.447819,bathroom,22.45,1,66.06
2025-04-12 06:47:48.447819,kitchen,23.09,1,44.04
2025-04-12 06:48:18.447819,kitchen,23.16,1,57.03
2025-04-12 06:48:48.447819,bathroom,22.92,1,58.08
2025-04-12 06:49:18.447819,bedroom,22.7,1,60.6
2025-04-12 06:49:48.447819,bedroom,24.2,1,51.45
2025-04-12 06:50:18.447819,kitchen,22.18,0,57.35
2025-04-12 06:50:48.447819,bedroom,26.8,1,68.45
2025-04-12 06:51:18.447819,bathroom,23.26,0,54.76
2025-04-12 06:51:48.447819,kitchen,22.24,1,35.97
2025-04-12 06:52:18.447819,bedroom,23.39,0,48.08
2025-04-12 06:52:48.447819,bedroom,19.85,1,44.44
2025-04-12 06:53:18.447819,bathroom,22.59,1,44.6
2025-04-12 06:53:48.447819,kitchen,19.12,0,32.06
2025-04-12 06:54:18.447819,bedroom,20.14,1,31.05
2025-04-12 06:54:48.447819,kitchen,21.6,1,68.9
2025-04-12 06:55:18.447819,bathroom,20.47,0,30.44
2025-04-12 06:55:48.447819,bathroom,23.54,0,34.66
2025-04-12 06:56:18.447819,kitchen,20.4,1,38.3
2025-04-12 06:56:48.447819,living_room,19.46,0,41.04
2025-04-12 06:57:18.447819,kitchen,23.78,1,68.47
2025-04-12 06:57:48.447819,kitchen,27.09,1,60.07
2025-04-12 06:58:18.447819,living_room,20.81,1,40.82
2025-04-12 06:58:48.447819,bedroom,21.45,1,60.75
2025-04-12 06:59:18.447819,bathroom,19.93,1,53.24
2025-04-12 06:59:48.447819,kitchen,19.82,1,45.83
2025-04-12 07:00:18.447819,bathroom,25.32,0,35.36
2025-04-12 07:00:48.447819,kitchen,23.11,1,65.15
2025-04-12 07:01:18.447819,living_room,21.06,1,34.36
2025-04-12 07:01:48.447819,kitchen,20.33,0,41.05
2025-04-12 07:02:18.447819,living_room,21.86,0,45.69
2025-04-12 07:02:48.447819,bathroom,17.36,0,68.16
2025-04-12 07:03:18.447819,living_room,22.78,1,65.05
2025-04-12 07:03:48.447819,kitchen,20.62,1,46.13
2025-04-12 07:04:18.447819,bedroom,21.73,0,46.78
2025-04-12 07:04:48.447819,kitchen,24.77,0,48.53
2025-04-12 07:05:18.447819,bedroom,19.65,0,43.21
2025-04-12 07:05:48.447819,bedroom,20.54,1,63.49
2025-04-12 07:06:18.447819,kitchen,22.19,0,36.38
2025-04-12 07:06:48.447819,kitchen,21.07,1,41.15
2025-04-12 07:07:18.447819,kitchen,23.46,1,67.17
2025-04-12 07:07:48.447819,living_room,23.43,0,58.0
2025-04-12 07:08:18.447819,bathroom,23.83,1,33.78
2025-04-12 07:08:48.447819,bathroom,21.37,0,67.88
2025-04-12 07:09:18.447819,kitchen,22.35,1,49.0
2025-04-12 07:09:48.447819,bathroom,24.07,0,61.92
2025-04-12 07:10:18.447819,living_room,19.45,0,57.62
2025-04-12 07:10:48.447819,kitchen,20.77,1,50.64
2025-04-12 07:11:18.447819,living_room,20.03,1,31.41
2025-04-12 07:11:48.447819,bathroom,27.78,1,31.9
2025-04-12 07:12:18.447819,bedroom,21.69,0,44.72
2025-04-12 07:12:48.447819,bedroom,25.13,0,63.42
2025-04-12 07:13:18.447819,bedroom,21.76,0,41.92
2025-04-12 07:13:48.447819,kitchen,18.85,0,57.29
2025-04-12 07:14:18.447819,bedroom,20.86,1,67.15
2025-04-12 07:14:48.447819,bathroom,19.99,0,51.8
2025-04-12 07:15:18.447819,kitchen,20.25,1,57.56
2025-04-12 07:15:48.447819,bedroom,18.54,1,39.49
2025-04-12 07:16:18.447819,bedroom,20.64,1,50.27
2025-04-12 07:16:48.447819,bedroom,22.64,0,35.61
2025-04-12 07:17:18.447819,bedroom,20.52,1,68.7
2025-04-12 07:17:48.447819,kitchen,24.98,0,64.17
2025-04-12 07:18:18.447819,kitchen,22.58,1,34.87
2025-04-12 07:18:48.447819,kitchen,23.24,1,67.56
2025-04-12 07:19:18.447819,bedroom,23.19,1,35.06
2025-04-12 07:19:48.447819,bathroom,23.07,0,46.91
2025-04-12 07:20:18.447819,bathroom,20.59,0,34.38
2025-04-12 07:20:48.447819,bathroom,16.95,1,59.42
2025-04-12 07:21:18.447819,bathroom,23.63,1,38.93
2025-04-12 07:21:48.447819,living_room,24.79,1,32.75
2025-04-12 07:22:18.447819,bedroom,20.65,0,30.03
2025-04-12 07:22:48.447819,bathroom,21.37,0,34.66
2025-04-12 07:23:18.447819,living_room,21.15,1,54.72
2025-04-12 07:23:48.447819,bathroom,22.35,0,39.37
2025-04-12 07:24:18.447819,living_room,19.26,1,34.22
2025-04-12 07:24:48.447819,bathroom,24.68,0,49.09
2025-04-12 07:25:18.447819,living_room,19.59,1,62.57
2025-04-12 07:25:48.447819,bedroom,22.16,1,57.88
2025-04-12 07:26:18.447819,bedroom,23.4,1,32.09
2025-04-12 07:26:48.447819,kitchen,25.83,0,53.88
2025-04-12 07:27:18.447819,living_room,20.4,0,54.25
2025-04-12 07:27:48.447819,bedroom,21.56,1,38.42
2025-04-12 07:28:18.447819,living_room,23.18,1,53.37
2025-04-12 07:28:48.447819,living_room,23.04,1,54.45
2025-04-12 07:29:18.447819,bathroom,26.92,1,38.18
2025-04-12 07:29:48.447819,bedroom,20.65,1,55.53
2025-04-12 07:30:18.447819,kitchen,22.64,0,45.93
2025-04-12 07:30:48.447819,kitchen,17.69,1,35.48
2025-04-12 07:31:18.447819,living_room,20.89,0,34.74
2025-04-12 07:31:48.447819,kitchen,20.4,1,51.35
2025-04-12 07:32:18.447819,living_room,22.37,0,63.03
2025-04-12 07:32:48.447819,bedroom,25.98,0,49.76
2025-04-12 07:33:18.447819,living_room,24.16,1,61.93
2025-04-12 07:33:48.447819,bathroom,21.63,1,51.13
2025-04-12 07:34:18.447819,bathroom,21.22,1,50.19
2025-04-12 07:34:48.447819,living_room,24.04,1,56.81
2025-04-12 07:35:18.447819,living_room,18.43,0,36.84
2025-04-12 07:35:48.447819,living_room,21.91,1,36.88
2025-04-12 07:36:18.447819,bedroom,21.37,0,59.75
2025-04-12 07:36:48.447819,bathroom,22.45,0,46.31
2025-04-12 07:37:18.447819,living_room,20.12,1,63.6
2025-04-12 07:37:48.447819,living_room,21.96,0,32.74
2025-04-12 07:38:18.447819,bedroom,21.54,0,33.5
2025-04-12 07:38:48.447819,living_room,23.75,1,38.08
2025-04-12 07:39:18.447819,bathroom,17.73,1,54.1
2025-04-12 07:39:48.447819,bathroom,21.83,1,35.16
2025-04-12 07:40:18.447819,kitchen,22.22,0,46.93
2025-04-12 07:40:48.447819,bedroom,24.34,1,40.54
2025-04-12 07:41:18.447819,kitchen,20.93,0,40.89
2025-04-12 07:41:48.447819,kitchen,20.72,0,32.38
2025-04-12 07:42:18.447819,bedroom,19.49,0,39.27
2025-04-12 07:42:48.447819,kitchen,25.86,0,60.68
2025-04-12 07:43:18.447819,bedroom,21.47,0,67.1
2025-04-12 07:43:48.447819,kitchen,24.13,0,41.92
2025-04-12 07:44:18.447819,living_room,21.26,1,54.9
2025-04-12 07:44:48.447819,bedroom,23.02,1,60.67
2025-04-12 07:45:18.447819,kitchen,23.08,0,45.6
2025-04-12 07:45:48.447819,bedroom,17.28,1,33.66
2025-04-12 07:46:18.447819,kitchen,22.51,1,42.11
2025-04-12 07:46:48.447819,living_room,22.48,1,69.16
2025-04-12 07:47:18.447819,kitchen,24.22,0,69.33
2025-04-12 07:47:48.447819,bedroom,23.64,1,59.69
2025-04-12 07:48:18.447819,kitchen,23.73,1,42.91
2025-04-12 07:48:48.447819,bathroom,21.57,0,35.52
2025-04-12 07:49:18.447819,living_room,26.83,0,49.46
2025-04-12 07:49:48.447819,bathroom,20.1,1,65.59
2025-04-12 07:50:18.447819,living_room,24.07,0,65.91
2025-04-12 07:50:48.447819,living_room,22.65,0,52.35
2025-04-12 07:51:18.447819,kitchen,22.13,0,61.43
2025-04-12 07:51:48.447819,bathroom,21.24,1,32.73
2025-04-12 07:52:18.447819,living_room,23.45,1,43.49
2025-04-12 07:52:48.447819,kitchen,22.92,0,35.97
2025-04-12 07:53:18.447819,bathroom,21.26,0,32.83
2025-04-12 07:53:48.447819,bedroom,22.89,0,32.92
2025-04-12 07:54:18.447819,bedroom,21.11,1,40.49
2025-04-12 07:54:48.447819,living_room,20.78,0,58.06
2025-04-12 07:55:18.447819,bedroom,24.75,0,38.84
2025-04-12 07:55:48.447819,kitchen,20.85,1,50.04
2025-04-12 07:56:18.447819,bedroom,22.93,0,47.56
2025-04-12 07:56:48.447819,bathroom,23.16,1,66.28
2025-04-12 07:57:18.447819,kitchen,22.17,1,30.61
2025-04-12 07:57:48.447819,kitchen,22.31,1,40.2
2025-04-12 07:58:18.447819,kitchen,24.4,1,46.57
2025-04-12 07:58:48.447819,bedroom,22.15,0,54.9
2025-04-12 07:59:18.447819,bathroom,22.54,1,65.14
2025-04-12 07:59:48.447819,living_room,26.33,1,42.21
2025-04-12 08:00:18.447819,bathroom,22.12,1,44.74
2025-04-12 08:00:48.447819,bathroom,20.96,1,64.99
2025-04-12 08:01:18.447819,bedroom,22.8,0,52.53
2025-04-12 08:01:48.447819,living_room,26.2,0,35.1
2025-04-12 08:02:18.447819,living_room,20.63,0,65.94
2025-04-12 08:02:48.447819,bathroom,20.54,0,51.97
2025-04-12 08:03:18.447819,bedroom,21.96,0,55.96
2025-04-12 08:03:48.447819,living_room,21.07,1,32.97
2025-04-12 08:04:18.447819,kitchen,24.26,1,54.83
2025-04-12 08:04:48.447819,kitchen,18.35,1,62.36
2025-04-12 08:05:18.447819,kitchen,22.18,0,53.91
2025-04-12 08:05:48.447819,living_room,19.46,1,58.07
2025-04-12 08:06:18.447819,bathroom,20.04,1,57.9
2025-04-12 08:06:48.447819,living_room,23.61,1,50.87
2025-04-12 08:07:18.447819,bathroom,18.78,1,65.16
2025-04-12 08:07:48.447819,bedroom,19.95,1,65.26
2025-04-12 08:08:18.447819,bedroom,22.62,1,52.3
2025-04-12 08:08:48.447819,kitchen,24.28,0,59.16
2025-04-12 08:09:18.447819,kitchen,24.32,1,62.94
2025-04-12 08:09:48.447819,living_room,24.61,1,47.99
2025-04-12 08:10:18.447819,kitchen,20.8,1,47.18
2025-04-12 08:10:48.447819,living_room,20.37,1,57.51
2025-04-12 08:11:18.447819,bedroom,20.73,0,37.51
2025-04-12 08:11:48.447819,bathroom,21.94,0,42.05
2025-04-12 08:12:18.447819,living_room,22.76,1,44.62
2025-04-12 08:12:48.447819,kitchen,21.29,0,39.51
2025-04-12 08:13:18.447819,bathroom,24.43,1,59.35
2025-04-12 08:13:48.447819,bedroom,18.81,0,59.62
2025-04-12 08:14:18.447819,kitchen,24.15,1,43.44
2025-04-12 08:14:48.447819,living_room,22.22,1,52.86
2025-04-12 08:15:18.447819,living_room,25.72,0,41.19
2025-04-12 08:15:48.447819,living_room,23.13,1,60.93
2025-04-12 08:16:18.447819,bedroom,20.26,1,52.4
2025-04-12 08:16:48.447819,kitchen,19.9,1,66.81
2025-04-12 08:17:18.447819,bedroom,21.96,0,69.7
2025-04-12 08:17:48.447819,bedroom,18.32,1,32.37
2025-04-12 08:18:18.447819,bedroom,19.8,0,60.56
2025-04-12 08:18:48.447819,bathroom,23.11,0,67.74
2025-04-12 08:19:18.447819,living_room,21.43,1,47.93
2025-04-12 08:19:48.447819,kitchen,21.8,0,66.66
2025-04-12 08:20:18.447819,living_room,25.39,1,54.52
2025-04-12 08:20:48.447819,bathroom,23.11,1,39.39
2025-04-12 08:21:18.447819,bathroom,21.68,0,62.49
2025-04-12 08:21:48.447819,bedroom,27.43,0,40.24
2025-04-12 08:22:18.447819,living_room,23.57,1,68.12
2025-04-12 08:22:48.447819,bathroom,24.03,0,46.71
2025-04-12 08:23:18.447819,living_room,22.16,1,37.2
2025-04-12 08:23:48.447819,bathroom,24.65,1,49.11
2025-04-12 08:24:18.447819,bathroom,19.73,0,67.2
2025-04-12 08:24:48.447819,bathroom,26.5,0,69.98
2025-04-12 08:25:18.447819,bedroom,20.6,1,30.7
2025-04-12 08:25:48.447819,bathroom,23.33,1,49.5
2025-04-12 08:26:18.447819,kitchen,17.69,1,36.0
2025-04-12 08:26:48.447819,bathroom,21.29,0,35.19
2025-04-12 08:27:18.447819,kitchen,23.9,1,51.75
2025-04-12 08:27:48.447819,kitchen,18.48,1,63.25
2025-04-12 08:28:18.447819,bathroom,20.97,1,54.09
2025-04-12 08:28:48.447819,kitchen,25.25,1,35.71
2025-04-12 08:29:18.447819,kitchen,20.62,0,48.69
2025-04-12 08:29:48.447819,bathroom,19.31,0,53.59
2025-04-12 08:30:18.447819,bathroom,24.74,1,43.12
2025-04-12 08:30:48.447819,living_room,20.45,1,45.51
2025-04-12 08:31:18.447819,bathroom,19.9,1,33.52
2025-04-12 08:31:48.447819,bathroom,20.93,1,67.87
2025-04-12 08:32:18.447819,bedroom,20.72,1,32.86
2025-04-12 08:32:48.447819,bathroom,22.08,0,63.08
2025-04-12 08:33:18.447819,bedroom,22.14,1,50.2
2025-04-12 08:33:48.447819,living_room,22.96,1,37.83
2025-04-12 08:34:18.447819,living_room,21.05,0,60.55
2025-04-12 08:34:48.447819,kitchen,24.0,0,57.22
2025-04-12 08:35:18.447819,living_room,22.61,1,55.29
2025-04-12 08:35:48.447819,kitchen,22.0,0,64.03
2025-04-12 08:36:18.447819,bedroom,20.45,0,64.46
2025-04-12 08:36:48.447819,bedroom,21.9,1,31.68
2025-04-12 08:37:18.447819,bathroom,25.13,1,31.78
2025-04-12 08:37:48.447819,bathroom,25.48,1,35.05
2025-04-12 08:38:18.447819,bathroom,23.61,0,67.71
2025-04-12 08:38:48.447819,living_room,21.04,0,49.75
2025-04-12 08:39:18.447819,kitchen,24.86,1,33.12
2025-04-12 08:39:48.447819,living_room,22.44,1,34.93
2025-04-12 08:40:18.447819,kitchen,23.76,0,65.75
2025-04-12 08:40:48.447819,living_room,21.91,1,31.49
2025-04-12 08:41:18.447819,living_room,22.29,0,44.31
2025-04-12 08:41:48.447819,living_room,20.77,1,63.15
2025-04-12 08:42:18.447819,living_room,22.56,0,37.26
2025-04-12 08:42:48.447819,living_room,19.53,1,66.1
2025-04-12 08:43:18.447819,kitchen,24.38,1,37.34
2025-04-12 08:43:48.447819,living_room,26.09,1,31.21
2025-04-12 08:44:18.447819,kitchen,20.3,1,68.03
2025-04-12 08:44:48.447819,bedroom,21.25,1,45.87
2025-04-12 08:45:18.447819,living_room,22.49,0,42.15
2025-04-12 08:45:48.447819,bedroom,23.29,1,60.51
2025-04-12 08:46:18.447819,living_room,20.03,0,36.32
2025-04-12 08:46:48.447819,bedroom,21.2,1,33.61
2025-04-12 08:47:18.447819,kitchen,20.07,0,58.4
2025-04-12 08:47:48.447819,bathroom,19.34,1,57.24
2025-04-12 08:48:18.447819,bedroom,20.72,0,51.72
2025-04-12 08:48:48.447819,living_room,18.54,0,48.87
2025-04-12 08:49:18.447819,kitchen,22.84,0,33.7
2025-04-12 08:49:48.447819,bathroom,22.2,0,57.71
2025-04-12 08:50:18.447819,bedroom,20.02,0,57.77
2025-04-12 08:50:48.447819,bedroom,24.98,1,50.16
2025-04-12 08:51:18.447819,bathroom,21.29,0,44.36
2025-04-12 08:51:48.447819,bedroom,22.61,0,43.57
2025-04-12 08:52:18.447819,kitchen,20.64,0,33.0
2025-04-12 08:52:48.447819,bathroom,24.96,1,44.5
2025-04-12 08:53:18.447819,living_room,20.13,1,36.75
2025-04-12 08:53:48.447819,bathroom,20.72,0,35.67
2025-04-12 08:54:18.447819,bathroom,23.05,0,30.55
2025-04-12 08:54:48.447819,bathroom,18.0,1,34.25
2025-04-12 08:55:18.447819,living_room,25.48,1,51.3
2025-04-12 08:55:48.447819,bathroom,22.64,1,68.56
2025-04-12 08:56:18.447819,bathroom,20.59,0,46.07
2025-04-12 08:56:48.447819,living_room,18.84,1,45.09
2025-04-12 08:57:18.447819,kitchen,23.72,1,56.26
2025-04-12 08:57:48.447819,bathroom,20.61,1,38.48
2025-04-12 08:58:18.447819,bathroom,18.53,1,31.87
2025-04-12 08:58:48.447819,bathroom,20.17,0,65.06
2025-04-12 08:59:18.447819,bathroom,21.83,0,37.96
2025-04-12 08:59:48.447819,bathroom,23.89,1,48.02
2025-04-12 09:00:18.447819,living_room,21.63,0,38.66
2025-04-12 09:00:48.447819,bathroom,21.56,1,32.67
2025-04-12 09:01:18.447819,living_room,24.34,0,35.35
2025-04-12 09:01:48.447819,living_room,20.64,0,64.32
2025-04-12 09:02:18.447819,living_room,24.03,0,55.69
2025-04-12 09:02:48.447819,bedroom,20.21,1,68.98
2025-04-12 09:03:18.447819,bedroom,19.14,1,62.1
2025-04-12 09:03:48.447819,bathroom,22.73,0,47.89
2025-04-12 09:04:18.447819,living_room,20.11,1,58.43
2025-04-12 09:04:48.447819,bedroom,24.5,0,52.24
2025-04-12 09:05:18.447819,kitchen,24.93,0,57.41
2025-04-12 09:05:48.447819,living_room,16.07,1,55.01
2025-04-12 09:06:18.447819,living_room,18.88,1,65.2
2025-04-12 09:06:48.447819,living_room,22.61,0,55.87
2025-04-12 09:07:18.447819,bedroom,24.53,1,37.21
2025-04-12 09:07:48.447819,bathroom,21.46,1,38.92
2025-04-12 09:08:18.447819,bathroom,19.32,0,50.3
2025-04-12 09:08:48.447819,bedroom,21.57,1,62.77
2025-04-12 09:09:18.447819,living_room,27.03,0,53.89
2025-04-12 09:09:48.447819,bathroom,21.71,1,42.77
2025-04-12 09:10:18.447819,bedroom,23.64,1,32.48
2025-04-12 09:10:48.447819,bedroom,24.15,0,35.44
2025-04-12 09:11:18.447819,bathroom,22.01,1,53.06
2025-04-12 09:11:48.447819,kitchen,23.19,1,48.86
2025-04-12 09:12:18.447819,bedroom,21.0,1,68.63
2025-04-12 09:12:48.447819,bedroom,17.45,0,37.49
2025-04-12 09:13:18.447819,bathroom,22.9,0,54.13
2025-04-12 09:13:48.447819,living_room,22.59,1,55.16
2025-04-12 09:14:18.447819,living_room,22.16,1,33.91
2025-04-12 09:14:48.447819,bedroom,19.34,0,38.98
2025-04-12 09:15:18.447819,kitchen,22.51,1,67.24
2025-04-12 09:15:48.447819,living_room,18.25,0,51.15
2025-04-12 09:16:18.447819,kitchen,21.62,0,54.54
2025-04-12 09:16:48.447819,living_room,25.1,1,53.2
2025-04-12 09:17:18.447819,living_room,19.32,1,57.78
2025-04-12 09:17:48.447819,bedroom,24.06,1,61.56
2025-04-12 09:18:18.447819,bathroom,25.25,1,62.73
2025-04-12 09:18:48.447819,kitchen,22.65,0,35.39
2025-04-12 09:19:18.447819,living_room,23.98,1,54.64
2025-04-12 09:19:48.447819,bathroom,20.16,0,39.97
2025-04-12 09:20:18.447819,kitchen,22.89,0,36.21
2025-04-12 09:20:48.447819,living_room,23.05,1,44.86
2025-04-12 09:21:18.447819,bedroom,21.25,1,31.06
2025-04-12 09:21:48.447819,bathroom,17.82,1,49.31
2025-04-12 09:22:18.447819,kitchen,25.79,1,38.11
2025-04-12 09:22:48.447819,living_room,26.96,1,33.35
2025-04-12 09:23:18.447819,bedroom,19.6,1,65.22
2025-04-12 09:23:48.447819,kitchen,23.9,0,69.21
2025-04-12 09:24:18.447819,kitchen,20.85,0,65.44
2025-04-12 09:24:48.447819,bathroom,19.3,0,31.92
2025-04-12 09:25:18.447819,kitchen,23.56,1,48.76
2025-04-12 09:25:48.447819,bedroom,24.26,0,36.85
2025-04-12 09:26:18.447819,living_room,22.59,0,62.91
2025-04-12 09:26:48.447819,kitchen,24.35,1,62.5
2025-04-12 09:27:18.447819,bathroom,25.54,0,59.67
2025-04-12 09:27:48.447819,living_room,20.91,1,66.02
2025-04-12 09:28:18.447819,bedroom,21.64,1,48.31
2025-04-12 09:28:48.447819,bathroom,20.36,1,69.0
2025-04-12 09:29:18.447819,kitchen,19.48,0,43.75
2025-04-12 09:29:48.447819,bathroom,21.57,1,49.67
2025-04-12 09:30:18.447819,kitchen,23.99,1,69.57
2025-04-12 09:30:48.447819,bedroom,21.36,1,55.1
2025-04-12 09:31:18.447819,bathroom,20.21,0,47.2
2025-04-12 09:31:48.447819,living_room,23.3,0,67.55
2025-04-12 09:32:18.447819,living_room,25.44,1,42.2
2025-04-12 09:32:48.447819,bedroom,25.22,0,46.74
2025-04-12 09:33:18.447819,bathroom,22.74,1,61.11
2025-04-12 09:33:48.447819,bathroom,18.85,0,69.61
2025-04-12 09:34:18.447819,bedroom,19.95,0,45.6
2025-04-12 09:34:48.447819,living_room,21.68,0,38.95
2025-04-12 09:35:18.447819,living_room,23.16,0,32.12
2025-04-12 09:35:48.447819,bedroom,22.22,0,35.35
2025-04-12 09:36:18.447819,bedroom,21.7,0,60.29
2025-04-12 09:36:48.447819,bedroom,23.02,1,67.93
2025-04-12 09:37:18.447819,bedroom,25.84,1,44.0
2025-04-12 09:37:48.447819,bedroom,18.5,1,55.01
2025-04-12 09:38:18.447819,living_room,20.57,0,63.75
2025-04-12 09:38:48.447819,living_room,21.92,0,47.05
2025-04-12 09:39:18.447819,living_room,21.19,1,45.27
2025-04-12 09:39:48.447819,bedroom,25.12,1,69.04
2025-04-12 09:40:18.447819,bathroom,22.39,0,57.67
2025-04-12 09:40:48.447819,living_room,22.12,1,40.81
2025-04-12 09:41:18.447819,bedroom,21.6,1,42.75
2025-04-12 09:41:48.447819,bathroom,19.48,0,58.68
2025-04-12 09:42:18.447819,bathroom,21.32,0,32.99
2025-04-12 09:42:48.447819,kitchen,21.23,0,40.16
2025-04-12 09:43:18.447819,bedroom,21.43,1,46.71
2025-04-12 09:43:48.447819,bedroom,22.45,1,39.66
2025-04-12 09:44:18.447819,bathroom,21.19,1,65.36
2025-04-12 09:44:48.447819,bedroom,24.27,0,69.3
2025-04-12 09:45:18.447819,living_room,24.87,1,51.56
2025-04-12 09:45:48.447819,living_room,23.78,0,30.84
2025-04-12 09:46:18.447819,kitchen,22.25,0,60.64
2025-04-12 09:46:48.447819,kitchen,20.85,1,54.06
2025-04-12 09:47:18.447819,bathroom,22.18,0,49.01
2025-04-12 09:47:48.447819,bedroom,18.56,0,47.83
2025-04-12 09:48:18.447819,bedroom,24.19,0,33.59
2025-04-12 09:48:48.447819,bedroom,24.42,1,39.02
2025-04-12 09:49:18.447819,bathroom,21.7,0,62.92
2025-04-12 09:49:48.447819,kitchen,24.23,0,36.21
2025-04-12 09:50:18.447819,kitchen,20.55,1,43.48
2025-04-12 09:50:48.447819,kitchen,23.97,1,44.46
2025-04-12 09:51:18.447819,kitchen,21.38,1,41.95
2025-04-12 09:51:48.447819,bedroom,21.23,0,47.18
2025-04-12 09:52:18.447819,bathroom,21.89,0,62.9
2025-04-12 09:52:48.447819,living_room,16.58,1,41.29
2025-04-12 09:53:18.447819,living_room,20.79,0,36.85
2025-04-12 09:53:48.447819,bathroom,24.98,1,56.01
2025-04-12 09:54:18.447819,living_room,18.38,1,42.25
2025-04-12 09:54:48.447819,bedroom,21.27,1,55.62
2025-04-12 09:55:18.447819,bathroom,22.53,1,38.5
2025-04-12 09:55:48.447819,bedroom,19.93,1,45.01
2025-04-12 09:56:18.447819,bathroom,16.81,0,66.63
2025-04-12 09:56:48.447819,bathroom,21.31,0,37.29
2025-04-12 09:57:18.447819,bedroom,23.08,0,44.26
2025-04-12 09:57:48.447819,bathroom,19.71,0,51.62
2025-04-12 09:58:18.447819,kitchen,24.81,0,64.77
2025-04-12 09:58:48.447819,living_room,23.91,1,40.02
2025-04-12 09:59:18.447819,living_room,22.37,0,42.77
2025-04-12 09:59:48.447819,living_room,18.63,1,60.02
2025-04-12 10:00:18.447819,living_room,22.94,1,30.42
2025-04-12 10:00:48.447819,bedroom,24.35,0,46.42
2025-04-12 10:01:18.447819,bathroom,22.62,1,53.31
2025-04-12 10:01:48.447819,living_room,22.25,0,59.44
2025-04-12 10:02:18.447819,kitchen,21.65,0,40.96
2025-04-12 10:02:48.447819,kitchen,25.37,0,35.92
2025-04-12 10:03:18.447819,bedroom,17.79,1,33.5
2025-04-12 10:03:48.447819,kitchen,19.22,1,65.43
2025-04-12 10:04:18.447819,kitchen,24.14,0,66.91
2025-04-12 10:04:48.447819,kitchen,18.48,1,61.22
2025-04-12 10:05:18.447819,living_room,21.53,1,56.33
2025-04-12 10:05:48.447819,bedroom,20.15,0,59.94
2025-04-12 10:06:18.447819,living_room,23.0,1,34.53
2025-04-12 10:06:48.447819,kitchen,21.79,0,31.9
2025-04-12 10:07:18.447819,living_room,21.57,1,40.34
2025-04-12 10:07:48.447819,living_room,17.06,1,67.34
2025-04-12 10:08:18.447819,bathroom,22.36,0,34.37
2025-04-12 10:08:48.447819,kitchen,20.12,0,62.33
2025-04-12 10:09:18.447819,living_room,23.04,1,53.93
2025-04-12 10:09:48.447819,kitchen,22.51,0,58.99
2025-04-12 10:10:18.447819,bedroom,21.86,0,49.99
2025-04-12 10:10:48.447819,bedroom,23.92,0,38.45
2025-04-12 10:11:18.447819,bathroom,22.84,0,56.16
2025-04-12 10:11:48.447819,bedroom,23.76,1,56.8
2025-04-12 10:12:18.447819,bathroom,25.38,1,50.44
2025-04-12 10:12:48.447819,kitchen,17.8,1,62.44
2025-04-12 10:13:18.447819,bedroom,22.91,1,69.41
2025-04-12 10:13:48.447819,bedroom,23.4,1,41.42
2025-04-12 10:14:18.447819,bathroom,24.07,1,30.27
2025-04-12 10:14:48.447819,bathroom,21.6,0,32.65
2025-04-12 10:15:18.447819,bathroom,23.72,1,42.92
2025-04-12 10:15:48.447819,bedroom,21.79,1,44.25
2025-04-12 10:16:18.447819,bedroom,20.19,0,34.03
2025-04-12 10:16:48.447819,bathroom,19.11,1,54.54
2025-04-12 10:17:18.447819,bedroom,23.29,0,63.74
2025-04-12 10:17:48.447819,bathroom,20.86,0,54.29
2025-04-12 10:18:18.447819,living_room,20.67,0,47.68
2025-04-12 10:18:48.447819,kitchen,19.28,1,31.14
2025-04-12 10:19:18.447819,bathroom,21.41,0,53.59
2025-04-12 10:19:48.447819,living_room,21.2,1,63.85
2025-04-12 10:20:18.447819,bedroom,20.68,0,33.93
2025-04-12 10:20:48.447819,kitchen,23.52,0,30.61
2025-04-12 10:21:18.447819,bedroom,23.3,0,57.17
2025-04-12 10:21:48.447819,living_room,22.19,1,55.42
2025-04-12 10:22:18.447819,kitchen,19.5,1,31.04
2025-04-12 10:22:48.447819,living_room,26.81,1,45.08
2025-04-12 10:23:18.447819,bedroom,20.64,1,62.47
2025-04-12 10:23:48.447819,bedroom,18.51,0,63.33
2025-04-12 10:24:18.447819,bedroom,22.0,0,32.55
2025-04-12 10:24:48.447819,bathroom,22.97,0,35.48
2025-04-12 10:25:18.447819,kitchen,21.46,1,38.11
2025-04-12 10:25:48.447819,bedroom,22.78,1,67.13
2025-04-12 10:26:18.447819,bedroom,19.17,0,55.83
2025-04-12 10:26:48.447819,bathroom,23.91,1,67.61
2025-04-12 10:27:18.447819,kitchen,22.01,0,49.77
2025-04-12 10:27:48.447819,bathroom,22.13,1,39.03
2025-04-12 10:28:18.447819,bedroom,20.3,1,56.51
2025-04-12 10:28:48.447819,kitchen,19.33,1,64.02
2025-04-12 10:29:18.447819,bedroom,21.11,1,69.82
2025-04-12 10:29:48.447819,bedroom,25.49,0,34.73
2025-04-12 10:30:18.447819,kitchen,23.61,1,65.58
2025-04-12 10:30:48.447819,bathroom,20.53,1,69.2
2025-04-12 10:31:18.447819,bathroom,23.32,1,36.47
2025-04-12 10:31:48.447819,kitchen,23.94,1,58.04
2025-04-12 10:32:18.447819,bathroom,20.85,0,42.43
2025-04-12 10:32:48.447819,kitchen,19.31,0,66.45
2025-04-12 10:33:18.447819,kitchen,24.06,1,47.26
2025-04-12 10:33:48.447819,bathroom,23.91,0,46.58
2025-04-12 10:34:18.447819,living_room,19.53,0,55.82
2025-04-12 10:34:48.447819,living_room,23.07,0,48.13
2025-04-12 10:35:18.447819,bathroom,23.84,0,68.35
2025-04-12 10:35:48.447819,bathroom,19.42,0,48.4
2025-04-12 10:36:18.447819,bedroom,23.88,0,58.12
2025-04-12 10:36:48.447819,living_room,22.48,0,61.09
2025-04-12 10:37:18.447819,bathroom,22.53,1,55.05
2025-04-12 10:37:48.447819,living_room,21.31,0,39.97
2025-04-12 10:38:18.447819,bathroom,23.82,1,38.18
2025-04-12 10:38:48.447819,bedroom,23.1,1,69.13
2025-04-12 10:39:18.447819,bedroom,20.65,0,68.12
2025-04-12 10:39:48.447819,bathroom,21.67,1,31.46
2025-04-12 10:40:18.447819,kitchen,19.22,0,44.27
2025-04-12 10:40:48.447819,bathroom,19.02,1,69.38
2025-04-12 10:41:18.447819,bathroom,23.86,0,42.61
2025-04-12 10:41:48.447819,bedroom,22.83,0,41.98
2025-04-12 10:42:18.447819,kitchen,19.53,0,33.64
2025-04-12 10:42:48.447819,bathroom,21.18,0,34.27
2025-04-12 10:43:18.447819,bathroom,22.82,0,38.59
2025-04-12 10:43:48.447819,bathroom,21.21,1,56.27
2025-04-12 10:44:18.447819,kitchen,26.34,0,59.24
2025-04-12 10:44:48.447819,bedroom,23.57,0,62.8
2025-04-12 10:45:18.447819,bedroom,17.66,0,53.46
2025-04-12 10:45:48.447819,bedroom,21.59,1,46.66
2025-04-12 10:46:18.447819,bathroom,21.16,1,54.36
2025-04-12 10:46:48.447819,bathroom,24.44,0,37.49
2025-04-12 10:47:18.447819,kitchen,19.87,1,64.59
2025-04-12 10:47:48.447819,kitchen,21.58,1,39.83
2025-04-12 10:48:18.447819,bathroom,22.12,0,34.13
2025-04-12 10:48:48.447819,bedroom,22.45,1,33.43
2025-04-12 10:49:18.447819,kitchen,21.64,0,63.24
2025-04-12 10:49:48.447819,bathroom,21.84,1,52.0
2025-04-12 10:50:18.447819,bedroom,21.98,1,68.41
2025-04-12 10:50:48.447819,bathroom,18.48,0,31.76
2025-04-12 10:51:18.447819,living_room,22.4,0,62.7
2025-04-12 10:51:48.447819,living_room,17.64,1,68.3
2025-04-12 10:52:18.447819,living_room,20.94,1,32.04
2025-04-12 10:52:48.447819,living_room,25.17,1,48.13
2025-04-12 10:53:18.447819,kitchen,21.63,1,30.8
2025-04-12 10:53:48.447819,living_room,22.86,0,32.41
2025-04-12 10:54:18.447819,bathroom,19.05,1,50.47
2025-04-12 10:54:48.447819,living_room,22.68,0,68.84
2025-04-12 10:55:18.447819,bathroom,20.53,1,34.81
2025-04-12 10:55:48.447819,living_room,20.05,1,37.43
2025-04-12 10:56:18.447819,living_room,24.05,0,60.22
2025-04-12 10:56:48.447819,bedroom,20.05,0,56.95
2025-04-12 10:57:18.447819,bathroom,21.49,1,31.29
2025-04-12 10:57:48.447819,bathroom,21.73,0,69.3
2025-04-12 10:58:18.447819,bathroom,20.29,0,65.54
2025-04-12 10:58:48.447819,living_room,22.92,1,47.28
2025-04-12 10:59:18.447819,kitchen,18.42,0,66.66
2025-04-12 10:59:48.447819,bathroom,23.05,0,36.73
2025-04-12 11:00:18.447819,bedroom,20.27,1,67.19
2025-04-12 11:00:48.447819,bathroom,20.7,0,64.7
2025-04-12 11:01:18.447819,bedroom,21.98,0,68.67
2025-04-12 11:01:48.447819,kitchen,26.1,0,40.99
2025-04-12 11:02:18.447819,living_room,24.53,0,30.28
2025-04-12 11:02:48.447819,kitchen,20.57,1,64.75
2025-04-12 11:03:18.447819,bathroom,21.98,0,41.18
2025-04-12 11:03:48.447819,living_room,18.15,0,40.02
2025-04-12 11:04:18.447819,bedroom,19.49,0,30.91
2025-04-12 11:04:48.447819,bathroom,19.68,0,63.05
2025-04-12 11:05:18.447819,bedroom,19.0,1,61.11
2025-04-12 11:05:48.447819,living_room,21.49,1,33.9
2025-04-12 11:06:18.447819,living_room,21.06,0,57.11
2025-04-12 11:06:48.447819,living_room,21.54,0,61.95
2025-04-12 11:07:18.447819,bathroom,21.09,1,47.06
2025-04-12 11:07:48.447819,living_room,17.69,1,39.85
2025-04-12 11:08:18.447819,kitchen,20.09,1,50.67
2025-04-12 11:08:48.447819,living_room,22.19,0,66.19
2025-04-12 11:09:18.447819,kitchen,22.7,0,53.21
2025-04-12 11:09:48.447819,bedroom,22.02,0,40.74
2025-04-12 11:10:18.447819,kitchen,20.67,1,43.1
2025-04-12 11:10:48.447819,bedroom,20.08,1,50.86
2025-04-12 11:11:18.447819,bathroom,18.89,1,68.25
