timestamp,room_anon,temperature,motion,sound_level_dp
2025-04-11 23:11:48.447819,3486577c,23.22,1,65.77498278453062
2025-04-11 23:12:18.447819,8aec6083,22.61,0,42.039164689186144
2025-04-11 23:12:48.447819,a05e6feb,27.15,0,34.65872567085253
2025-04-11 23:13:18.447819,a05e6feb,19.52,0,61.354030558936245
2025-04-11 23:13:48.447819,a05e6feb,22.71,1,33.66941335576705
2025-04-11 23:14:18.447819,3486577c,24.46,1,43.07362981242251
2025-04-11 23:14:48.447819,8aec6083,24.7,0,60.4232958064133
2025-04-11 23:15:18.447819,8aec6083,20.5,1,18.843562670882925
2025-04-11 23:15:48.447819,3486577c,24.07,1,40.01830402500178
2025-04-11 23:16:18.447819,8aec6083,23.43,0,52.72800682129636
2025-04-11 23:16:48.447819,a05e6feb,23.52,0,68.10772312184548
2025-04-11 23:17:18.447819,a05e6feb,24.03,0,65.65010435224808
2025-04-11 23:17:48.447819,a05e6feb,19.89,0,36.309643335753734
2025-04-11 23:18:18.447819,a05e6feb,23.16,0,48.37432665185545
2025-04-11 23:18:48.447819,a05e6feb,18.1,1,34.63883594205869
2025-04-11 23:19:18.447819,8aec6083,20.06,0,48.42346476738916
2025-04-11 23:19:48.447819,3171d89a,22.52,0,55.28899349182291
2025-04-11 23:20:18.447819,8aec6083,16.87,1,28.889718241104944
2025-04-11 23:20:48.447819,a05e6feb,21.82,0,39.956718477925236
2025-04-11 23:21:18.447819,3486577c,22.82,0,54.75372742648247
2025-04-11 23:21:48.447819,3486577c,18.48,1,53.20058227135989
2025-04-11 23:22:18.447819,3486577c,21.46,0,48.41250425513423
2025-04-11 23:22:48.447819,3171d89a,18.03,0,57.911747312315015
2025-04-11 23:23:18.447819,3486577c,16.51,0,67.49687724687452
2025-04-11 23:23:48.447819,3171d89a,25.64,1,67.3086715443489
2025-04-11 23:24:18.447819,a05e6feb,24.05,0,71.7428502838685
2025-04-11 23:24:48.447819,3171d89a,22.19,1,69.17857250699987
2025-04-11 23:25:18.447819,a05e6feb,21.13,0,30.45555646494608
2025-04-11 23:25:48.447819,a05e6feb,23.26,0,56.75545793267997
2025-04-11 23:26:18.447819,a05e6feb,18.51,1,37.30792230528791
2025-04-11 23:26:48.447819,8aec6083,19.25,1,40.56649839468058
2025-04-11 23:27:18.447819,3171d89a,21.61,0,47.824154873719124
2025-04-11 23:27:48.447819,a05e6feb,22.06,0,35.380952467471914
2025-04-11 23:28:18.447819,3486577c,22.74,1,60.2754760537151
2025-04-11 23:28:48.447819,8aec6083,20.74,0,32.585440999692054
2025-04-11 23:29:18.447819,3171d89a,21.39,0,47.73290509714592
2025-04-11 23:29:48.447819,8aec6083,21.05,1,22.510107640049476
2025-04-11 23:30:18.447819,3171d89a,20.82,0,62.365462973375365
2025-04-11 23:30:48.447819,8aec6083,23.35,0,55.257011768820924
2025-04-11 23:31:18.447819,a05e6feb,21.56,1,39.98729287369648
2025-04-11 23:31:48.447819,3486577c,22.03,1,31.57570857624597
2025-04-11 23:32:18.447819,3171d89a,19.4,0,56.28363025023722
2025-04-11 23:32:48.447819,3171d89a,24.94,0,17.032029283965535
2025-04-11 23:33:18.447819,3486577c,20.19,1,40.94687570786287
2025-04-11 23:33:48.447819,a05e6feb,20.61,0,57.462183943834695
2025-04-11 23:34:18.447819,8aec6083,25.71,1,39.744076398069375
2025-04-11 23:34:48.447819,a05e6feb,21.9,0,34.0546252648636
2025-04-11 23:35:18.447819,a05e6feb,25.95,0,41.573590595495276
2025-04-11 23:35:48.447819,8aec6083,21.84,1,41.58960832039632
2025-04-11 23:36:18.447819,3486577c,20.29,1,37.49377305363261
2025-04-11 23:36:48.447819,a05e6feb,22.07,1,60.073177635816684
2025-04-11 23:37:18.447819,a05e6feb,21.28,0,46.05067700209421
2025-04-11 23:37:48.447819,8aec6083,22.46,1,30.991306189288363
2025-04-11 23:38:18.447819,3171d89a,25.16,0,41.847552475751584
2025-04-11 23:38:48.447819,3171d89a,22.34,1,32.52076151426001
2025-04-11 23:39:18.447819,8aec6083,19.1,0,37.17838453863451
2025-04-11 23:39:48.447819,8aec6083,23.24,1,30.866969941882743
2025-04-11 23:40:18.447819,3486577c,21.59,1,79.63605226717752
2025-04-11 23:40:48.447819,3486577c,23.23,1,64.16867143243746
2025-04-11 23:41:18.447819,3486577c,25.36,1,57.40282303017828
2025-04-11 23:41:48.447819,8aec6083,22.68,1,67.6772716067532
2025-04-11 23:42:18.447819,3486577c,21.87,0,63.17829410579586
2025-04-11 23:42:48.447819,3486577c,20.22,1,56.15504084153907
2025-04-11 23:43:18.447819,8aec6083,18.91,1,46.774572361577654
2025-04-11 23:43:48.447819,3171d89a,23.11,0,64.39942900545488
2025-04-11 23:44:18.447819,a05e6feb,21.28,0,34.31910809482335
2025-04-11 23:44:48.447819,3486577c,24.18,0,49.33411077211365
2025-04-11 23:45:18.447819,a05e6feb,18.99,0,53.95539644771907
2025-04-11 23:45:48.447819,a05e6feb,23.48,1,52.835058650550465
2025-04-11 23:46:18.447819,3486577c,20.93,0,52.732215394767664
2025-04-11 23:46:48.447819,8aec6083,23.31,0,57.742297561780845
2025-04-11 23:47:18.447819,3486577c,19.2,1,39.51578297473853
2025-04-11 23:47:48.447819,a05e6feb,22.71,0,61.95065662971943
2025-04-11 23:48:18.447819,a05e6feb,23.94,0,56.03074539410397
2025-04-11 23:48:48.447819,3486577c,20.12,0,61.72483923788053
2025-04-11 23:49:18.447819,a05e6feb,20.37,0,33.62503714735203
2025-04-11 23:49:48.447819,a05e6feb,22.91,1,46.30428516034729
2025-04-11 23:50:18.447819,3486577c,23.98,1,69.10020447131086
2025-04-11 23:50:48.447819,a05e6feb,19.36,1,40.719963217949015
2025-04-11 23:51:18.447819,8aec6083,20.11,1,39.432579908760076
2025-04-11 23:51:48.447819,3486577c,23.85,1,53.02823487897318
2025-04-11 23:52:18.447819,3486577c,18.49,1,67.25017633849826
2025-04-11 23:52:48.447819,3486577c,23.76,0,29.98030720808076
2025-04-11 23:53:18.447819,8aec6083,20.14,0,35.94755497665332
2025-04-11 23:53:48.447819,a05e6feb,21.15,0,49.1714843219426
2025-04-11 23:54:18.447819,a05e6feb,18.73,1,39.64693215259261
2025-04-11 23:54:48.447819,8aec6083,19.0,1,51.52922757602198
2025-04-11 23:55:18.447819,a05e6feb,21.11,0,45.823710526028705
2025-04-11 23:55:48.447819,8aec6083,20.72,1,44.45397073012251
2025-04-11 23:56:18.447819,8aec6083,25.95,1,67.92433857964508
2025-04-11 23:56:48.447819,a05e6feb,25.46,1,38.8352740436034
2025-04-11 23:57:18.447819,3486577c,18.48,1,63.84742171668207
2025-04-11 23:57:48.447819,8aec6083,21.49,1,56.00959282739546
2025-04-11 23:58:18.447819,a05e6feb,18.97,1,63.91264725519045
2025-04-11 23:58:48.447819,8aec6083,21.58,1,63.1375755394988
2025-04-11 23:59:18.447819,8aec6083,27.21,0,20.965155315392867
2025-04-11 23:59:48.447819,a05e6feb,24.47,1,48.73690177285539
2025-04-12 00:00:18.447819,8aec6083,20.42,1,36.55696182068698
2025-04-12 00:00:48.447819,3171d89a,21.95,0,44.78311045173118
2025-04-12 00:01:18.447819,3171d89a,21.67,0,61.74573945266181
2025-04-12 00:01:48.447819,8aec6083,17.41,0,68.09369910895548
2025-04-12 00:02:18.447819,8aec6083,24.73,1,49.48788389248898
2025-04-12 00:02:48.447819,3486577c,23.18,1,53.7900882835616
2025-04-12 00:03:18.447819,a05e6feb,20.26,1,68.71949794972238
2025-04-12 00:03:48.447819,a05e6feb,22.09,1,60.56232225800763
2025-04-12 00:04:18.447819,3486577c,18.87,1,39.136557702270444
2025-04-12 00:04:48.447819,3486577c,18.72,0,62.581282832011155
2025-04-12 00:05:18.447819,3486577c,22.45,1,67.36908800957193
2025-04-12 00:05:48.447819,3486577c,22.63,0,67.89487482084562
2025-04-12 00:06:18.447819,3171d89a,20.68,0,38.96270204291363
2025-04-12 00:06:48.447819,3171d89a,23.16,0,43.21549396927678
2025-04-12 00:07:18.447819,8aec6083,21.97,0,53.171267585862914
2025-04-12 00:07:48.447819,8aec6083,23.74,1,28.409092644993667
2025-04-12 00:08:18.447819,3171d89a,18.26,0,43.80819649517697
2025-04-12 00:08:48.447819,3486577c,24.43,1,25.447477710376607
2025-04-12 00:09:18.447819,8aec6083,22.96,1,48.98719511833189
2025-04-12 00:09:48.447819,8aec6083,23.04,0,62.64644540989857
2025-04-12 00:10:18.447819,8aec6083,25.63,1,69.89162326153422
2025-04-12 00:10:48.447819,3171d89a,21.62,0,65.72374680134915
2025-04-12 00:11:18.447819,a05e6feb,20.55,1,35.01857175082323
2025-04-12 00:11:48.447819,a05e6feb,22.95,0,82.13250561540413
2025-04-12 00:12:18.447819,8aec6083,21.41,1,35.33345086690227
2025-04-12 00:12:48.447819,a05e6feb,22.43,1,57.95299213420539
2025-04-12 00:13:18.447819,a05e6feb,25.66,0,51.97330507487547
2025-04-12 00:13:48.447819,8aec6083,23.2,1,73.16376599346287
2025-04-12 00:14:18.447819,3486577c,18.68,0,54.15208310428928
2025-04-12 00:14:48.447819,3171d89a,20.74,0,53.63636449635133
2025-04-12 00:15:18.447819,a05e6feb,19.78,1,73.10531876861367
2025-04-12 00:15:48.447819,8aec6083,22.25,0,39.07659061808495
2025-04-12 00:16:18.447819,8aec6083,21.62,0,45.15047695743346
2025-04-12 00:16:48.447819,a05e6feb,21.48,0,53.85951287707948
2025-04-12 00:17:18.447819,3486577c,20.0,1,36.49742565431988
2025-04-12 00:17:48.447819,8aec6083,21.79,1,18.595828071574616
2025-04-12 00:18:18.447819,3486577c,24.26,0,62.73265049236411
2025-04-12 00:18:48.447819,8aec6083,22.99,1,37.33729888228864
2025-04-12 00:19:18.447819,8aec6083,22.74,1,60.59024612646458
2025-04-12 00:19:48.447819,3171d89a,20.19,1,40.70494357412829
2025-04-12 00:20:18.447819,3486577c,21.63,1,26.77789990894374
2025-04-12 00:20:48.447819,3171d89a,25.17,1,75.37299547366251
2025-04-12 00:21:18.447819,8aec6083,22.0,1,35.87276655524383
2025-04-12 00:21:48.447819,3171d89a,25.39,1,25.73847676834849
2025-04-12 00:22:18.447819,3171d89a,22.73,1,27.643004843108834
2025-04-12 00:22:48.447819,3486577c,24.66,0,48.38927475121946
2025-04-12 00:23:18.447819,3486577c,21.52,0,66.51804359590197
2025-04-12 00:23:48.447819,8aec6083,22.11,0,45.783922034910674
2025-04-12 00:24:18.447819,8aec6083,23.08,1,54.84866480755061
2025-04-12 00:24:48.447819,a05e6feb,21.99,1,45.4554302779715
2025-04-12 00:25:18.447819,3171d89a,21.87,1,42.15784392440192
2025-04-12 00:25:48.447819,3486577c,22.88,0,54.79924570250868
2025-04-12 00:26:18.447819,8aec6083,20.46,0,32.68843329079335
2025-04-12 00:26:48.447819,a05e6feb,21.61,1,43.03788470237322
2025-04-12 00:27:18.447819,3486577c,22.87,1,51.91842922519614
2025-04-12 00:27:48.447819,a05e6feb,21.99,1,57.63800921248283
2025-04-12 00:28:18.447819,3486577c,21.1,0,59.387086790178635
2025-04-12 00:28:48.447819,8aec6083,21.52,1,49.503232186155955
2025-04-12 00:29:18.447819,3171d89a,23.91,0,69.13932097472728
2025-04-12 00:29:48.447819,8aec6083,26.84,1,35.92773123144717
2025-04-12 00:30:18.447819,3171d89a,20.1,0,69.94626374777255
2025-04-12 00:30:48.447819,8aec6083,19.08,0,42.56410388359091
2025-04-12 00:31:18.447819,3486577c,21.7,1,39.171907231777666
2025-04-12 00:31:48.447819,3171d89a,20.08,0,23.00893822440127
2025-04-12 00:32:18.447819,3171d89a,21.9,0,34.41121468361192
2025-04-12 00:32:48.447819,3486577c,21.37,1,65.71538234449129
2025-04-12 00:33:18.447819,3171d89a,19.28,0,70.52268000424108
2025-04-12 00:33:48.447819,8aec6083,25.37,1,53.382333245359476
2025-04-12 00:34:18.447819,a05e6feb,23.88,0,54.58335541751371
2025-04-12 00:34:48.447819,3486577c,25.47,0,59.55721084458517
2025-04-12 00:35:18.447819,a05e6feb,21.63,0,46.87482363137502
2025-04-12 00:35:48.447819,3486577c,25.52,1,34.78966268703614
2025-04-12 00:36:18.447819,a05e6feb,22.01,0,56.59868421651921
2025-04-12 00:36:48.447819,a05e6feb,20.9,1,32.22696082586303
2025-04-12 00:37:18.447819,3171d89a,22.28,1,53.12789453022647
2025-04-12 00:37:48.447819,8aec6083,21.96,1,39.01326442742677
2025-04-12 00:38:18.447819,3486577c,24.87,1,45.557941162093954
2025-04-12 00:38:48.447819,a05e6feb,21.4,1,46.56409968366078
2025-04-12 00:39:18.447819,3486577c,23.99,0,44.16734062729986
2025-04-12 00:39:48.447819,8aec6083,23.21,1,73.10681580447651
2025-04-12 00:40:18.447819,a05e6feb,23.85,1,64.06779505471127
2025-04-12 00:40:48.447819,3486577c,21.56,0,52.80942856835148
2025-04-12 00:41:18.447819,a05e6feb,23.77,0,42.40760182244083
2025-04-12 00:41:48.447819,3486577c,23.58,0,35.345313577356364
2025-04-12 00:42:18.447819,3171d89a,23.43,0,57.71265298995614
2025-04-12 00:42:48.447819,3486577c,22.97,0,47.99814144862013
2025-04-12 00:43:18.447819,8aec6083,25.35,1,46.026518750626366
2025-04-12 00:43:48.447819,3486577c,22.56,1,71.17376742125361
2025-04-12 00:44:18.447819,3171d89a,22.06,1,39.3210178417213
2025-04-12 00:44:48.447819,3486577c,20.14,0,51.381593467988075
2025-04-12 00:45:18.447819,8aec6083,19.36,0,53.556239387615534
2025-04-12 00:45:48.447819,a05e6feb,22.12,0,44.27925493574896
2025-04-12 00:46:18.447819,3486577c,21.62,1,53.215682170441355
2025-04-12 00:46:48.447819,3486577c,21.19,1,66.51295324030949
2025-04-12 00:47:18.447819,3486577c,22.18,0,48.47536240032695
2025-04-12 00:47:48.447819,3486577c,26.11,1,41.709194568559184
2025-04-12 00:48:18.447819,8aec6083,22.15,1,48.56831031829236
2025-04-12 00:48:48.447819,3486577c,23.38,0,58.869308989390404
2025-04-12 00:49:18.447819,3171d89a,17.29,1,41.53143157963838
2025-04-12 00:49:48.447819,3171d89a,19.92,1,35.57581711168075
2025-04-12 00:50:18.447819,3171d89a,20.97,1,27.852011460665715
2025-04-12 00:50:48.447819,3486577c,24.06,0,43.73493683395946
2025-04-12 00:51:18.447819,a05e6feb,23.14,0,44.321601978072685
2025-04-12 00:51:48.447819,a05e6feb,20.39,1,67.12350368728926
2025-04-12 00:52:18.447819,3171d89a,24.12,0,40.6584934044992
2025-04-12 00:52:48.447819,3486577c,24.0,1,36.43476389539997
2025-04-12 00:53:18.447819,a05e6feb,25.4,0,45.855151516336676
2025-04-12 00:53:48.447819,a05e6feb,18.32,1,54.09987204135929
2025-04-12 00:54:18.447819,8aec6083,20.4,0,67.91815812663961
2025-04-12 00:54:48.447819,a05e6feb,22.91,0,37.047450501978616
2025-04-12 00:55:18.447819,3171d89a,20.71,0,46.95896050209472
2025-04-12 00:55:48.447819,8aec6083,21.18,0,68.45177598499079
2025-04-12 00:56:18.447819,3486577c,24.55,1,61.88010893024017
2025-04-12 00:56:48.447819,8aec6083,22.25,1,42.613665183890745
2025-04-12 00:57:18.447819,a05e6feb,23.22,1,35.32771501936179
2025-04-12 00:57:48.447819,8aec6083,22.75,1,35.580924573663665
2025-04-12 00:58:18.447819,3171d89a,25.56,1,56.219515193637925
2025-04-12 00:58:48.447819,8aec6083,20.54,0,54.42033802533816
2025-04-12 00:59:18.447819,8aec6083,21.61,1,37.17629570723925
2025-04-12 00:59:48.447819,a05e6feb,21.44,1,32.83859375340296
2025-04-12 01:00:18.447819,a05e6feb,20.18,1,36.95937860159164
2025-04-12 01:00:48.447819,a05e6feb,22.38,0,58.89642291268388
2025-04-12 01:01:18.447819,8aec6083,21.12,1,45.202617140594185
2025-04-12 01:01:48.447819,3486577c,25.01,0,42.62214235206264
2025-04-12 01:02:18.447819,8aec6083,22.26,0,37.40434059479618
2025-04-12 01:02:48.447819,3171d89a,22.06,1,44.9653838428032
2025-04-12 01:03:18.447819,a05e6feb,20.96,0,47.531080376106594
2025-04-12 01:03:48.447819,8aec6083,22.44,0,60.66767204361154
2025-04-12 01:04:18.447819,3486577c,26.34,0,36.77154138778869
2025-04-12 01:04:48.447819,a05e6feb,21.52,1,40.99457900602045
2025-04-12 01:05:18.447819,a05e6feb,24.92,0,63.36113790486226
2025-04-12 01:05:48.447819,a05e6feb,20.1,0,36.32201847688556
2025-04-12 01:06:18.447819,a05e6feb,20.62,1,39.19297407235094
2025-04-12 01:06:48.447819,3486577c,22.92,1,37.62866946785493
2025-04-12 01:07:18.447819,a05e6feb,18.7,0,38.946715049331516
2025-04-12 01:07:48.447819,8aec6083,21.35,0,55.97218394353097
2025-04-12 01:08:18.447819,3171d89a,20.5,0,54.18165147465665
2025-04-12 01:08:48.447819,8aec6083,22.11,1,42.87783765475787
2025-04-12 01:09:18.447819,3171d89a,20.9,0,33.06884225078947
2025-04-12 01:09:48.447819,3486577c,26.19,1,44.690955373297335
2025-04-12 01:10:18.447819,3171d89a,24.02,1,34.833926150138225
2025-04-12 01:10:48.447819,a05e6feb,21.53,1,21.797675954865568
2025-04-12 01:11:18.447819,a05e6feb,20.17,1,32.28990494927731
2025-04-12 01:11:48.447819,8aec6083,23.06,1,65.88926709992708
2025-04-12 01:12:18.447819,a05e6feb,17.77,1,63.1895250000762
2025-04-12 01:12:48.447819,3171d89a,20.88,0,42.08885809729438
2025-04-12 01:13:18.447819,3486577c,21.21,1,57.16776071151839
2025-04-12 01:13:48.447819,a05e6feb,23.97,0,68.14293941693897
2025-04-12 01:14:18.447819,8aec6083,24.35,1,35.73772821776659
2025-04-12 01:14:48.447819,a05e6feb,26.23,0,32.574754766143315
2025-04-12 01:15:18.447819,3486577c,23.87,1,56.6586111648685
2025-04-12 01:15:48.447819,3486577c,24.01,1,49.20086067098307
2025-04-12 01:16:18.447819,3486577c,25.15,0,29.902281042335062
2025-04-12 01:16:48.447819,3171d89a,22.22,1,44.864135840323776
2025-04-12 01:17:18.447819,a05e6feb,22.39,0,45.58272361931372
2025-04-12 01:17:48.447819,3486577c,21.14,0,58.400324548210065
2025-04-12 01:18:18.447819,3171d89a,21.52,1,57.163219396909575
2025-04-12 01:18:48.447819,8aec6083,20.89,1,32.04656375025164
2025-04-12 01:19:18.447819,3486577c,21.15,1,45.374169328355
2025-04-12 01:19:48.447819,3486577c,16.64,1,64.94835981807398
2025-04-12 01:20:18.447819,a05e6feb,23.83,1,48.6451898837021
2025-04-12 01:20:48.447819,a05e6feb,18.97,1,61.07732109978699
2025-04-12 01:21:18.447819,8aec6083,22.3,1,53.16934094797407
2025-04-12 01:21:48.447819,3171d89a,23.72,1,35.528775443347065
2025-04-12 01:22:18.447819,8aec6083,23.02,1,44.66980509928689
2025-04-12 01:22:48.447819,3486577c,26.38,1,49.28838468806879
2025-04-12 01:23:18.447819,3486577c,22.45,1,40.570916788366766
2025-04-12 01:23:48.447819,8aec6083,22.15,0,69.11710483651038
2025-04-12 01:24:18.447819,8aec6083,18.63,0,63.073267961474215
2025-04-12 01:24:48.447819,8aec6083,19.74,0,50.13270560277229
2025-04-12 01:25:18.447819,8aec6083,23.3,0,39.916181181788
2025-04-12 01:25:48.447819,8aec6083,20.97,0,61.60267566514268
2025-04-12 01:26:18.447819,a05e6feb,18.94,1,52.307121960134566
2025-04-12 01:26:48.447819,3171d89a,22.93,0,65.90779341849014
2025-04-12 01:27:18.447819,3171d89a,22.43,1,54.92115375084446
2025-04-12 01:27:48.447819,3486577c,22.06,0,12.91333882007672
2025-04-12 01:28:18.447819,8aec6083,19.96,1,31.533694433173533
2025-04-12 01:28:48.447819,3486577c,18.49,0,40.40194143419933
2025-04-12 01:29:18.447819,8aec6083,17.54,1,31.139449457248578
2025-04-12 01:29:48.447819,8aec6083,18.52,0,41.05349090610859
2025-04-12 01:30:18.447819,8aec6083,18.62,1,41.110171025537916
2025-04-12 01:30:48.447819,a05e6feb,19.0,1,55.88315797976623
2025-04-12 01:31:18.447819,3171d89a,22.65,1,42.46885151884012
2025-04-12 01:31:48.447819,8aec6083,22.11,0,39.61133796549131
2025-04-12 01:32:18.447819,8aec6083,22.83,1,57.82501866489245
2025-04-12 01:32:48.447819,a05e6feb,21.6,0,34.38118938703032
2025-04-12 01:33:18.447819,a05e6feb,20.7,0,57.013816016059714
2025-04-12 01:33:48.447819,3171d89a,24.76,0,34.39808404223442
2025-04-12 01:34:18.447819,3171d89a,23.25,0,71.986505228566
2025-04-12 01:34:48.447819,a05e6feb,23.02,0,38.34702328027086
2025-04-12 01:35:18.447819,8aec6083,18.57,1,65.02655848584612
2025-04-12 01:35:48.447819,3486577c,20.62,1,60.94563800637203
2025-04-12 01:36:18.447819,3171d89a,19.16,1,47.10806168096734
2025-04-12 01:36:48.447819,a05e6feb,21.8,0,59.68645198013519
2025-04-12 01:37:18.447819,a05e6feb,17.78,1,46.77846985240653
2025-04-12 01:37:48.447819,3171d89a,20.49,0,46.25744605677129
2025-04-12 01:38:18.447819,3486577c,25.54,0,38.33367686757936
2025-04-12 01:38:48.447819,8aec6083,23.21,0,68.1739693904154
2025-04-12 01:39:18.447819,3486577c,20.88,0,64.4465811037502
2025-04-12 01:39:48.447819,8aec6083,23.77,1,65.69494729036518
2025-04-12 01:40:18.447819,8aec6083,22.76,0,69.73929855550523
2025-04-12 01:40:48.447819,a05e6feb,21.09,0,56.01221818743804
2025-04-12 01:41:18.447819,8aec6083,21.98,0,64.44698955480716
2025-04-12 01:41:48.447819,3171d89a,22.2,1,55.89613345270881
2025-04-12 01:42:18.447819,8aec6083,21.78,0,69.64978710190515
2025-04-12 01:42:48.447819,a05e6feb,21.2,1,74.91505008761276
2025-04-12 01:43:18.447819,3486577c,23.01,0,53.615647413195255
2025-04-12 01:43:48.447819,3171d89a,24.79,0,52.12265110292078
2025-04-12 01:44:18.447819,3486577c,20.02,1,49.62088411734208
2025-04-12 01:44:48.447819,a05e6feb,23.99,1,35.53348891983036
2025-04-12 01:45:18.447819,3486577c,20.61,1,47.698298364275956
2025-04-12 01:45:48.447819,8aec6083,25.04,0,59.987062174930095
2025-04-12 01:46:18.447819,3171d89a,23.49,1,64.18978867637315
2025-04-12 01:46:48.447819,8aec6083,21.35,1,73.31529837374593
2025-04-12 01:47:18.447819,a05e6feb,23.4,1,40.4777489118951
2025-04-12 01:47:48.447819,8aec6083,23.33,1,32.15750025447859
2025-04-12 01:48:18.447819,3486577c,23.6,1,60.86617426093132
2025-04-12 01:48:48.447819,3486577c,22.22,0,64.12569409815458
2025-04-12 01:49:18.447819,8aec6083,20.39,1,55.88910026248165
2025-04-12 01:49:48.447819,3171d89a,19.79,0,53.70040912876559
2025-04-12 01:50:18.447819,3171d89a,18.12,0,33.791981605595986
2025-04-12 01:50:48.447819,8aec6083,24.66,1,62.179956669659006
2025-04-12 01:51:18.447819,3486577c,20.34,0,56.70499245043641
2025-04-12 01:51:48.447819,3171d89a,22.43,1,62.17459577209015
2025-04-12 01:52:18.447819,3171d89a,21.49,0,30.0446610803651
2025-04-12 01:52:48.447819,8aec6083,22.12,0,67.81976057390935
2025-04-12 01:53:18.447819,a05e6feb,22.22,0,35.91236714375604
2025-04-12 01:53:48.447819,a05e6feb,22.9,1,40.77185997224512
2025-04-12 01:54:18.447819,3171d89a,23.07,0,57.09028136939989
2025-04-12 01:54:48.447819,a05e6feb,19.44,0,32.76818420353207
2025-04-12 01:55:18.447819,8aec6083,23.27,0,63.62970851390162
2025-04-12 01:55:48.447819,3486577c,16.8,1,51.566900576904544
2025-04-12 01:56:18.447819,3486577c,24.85,1,48.329623058525705
2025-04-12 01:56:48.447819,8aec6083,21.72,1,32.25433226908761
2025-04-12 01:57:18.447819,3171d89a,17.92,0,41.3310102832463
2025-04-12 01:57:48.447819,8aec6083,18.55,0,35.63592973804226
2025-04-12 01:58:18.447819,3171d89a,23.23,0,48.54256866721657
2025-04-12 01:58:48.447819,a05e6feb,22.37,1,52.556361652464574
2025-04-12 01:59:18.447819,8aec6083,21.32,1,71.43153593153473
2025-04-12 01:59:48.447819,a05e6feb,19.52,1,45.083535012511824
2025-04-12 02:00:18.447819,8aec6083,22.38,1,40.06057319419405
2025-04-12 02:00:48.447819,3171d89a,20.64,1,45.71478923738283
2025-04-12 02:01:18.447819,a05e6feb,24.14,1,52.14387220839039
2025-04-12 02:01:48.447819,3486577c,20.32,0,57.11891321854476
2025-04-12 02:02:18.447819,8aec6083,20.37,1,48.65824970476306
2025-04-12 02:02:48.447819,3486577c,21.58,0,62.95402043999734
2025-04-12 02:03:18.447819,a05e6feb,20.82,0,40.91301805130104
2025-04-12 02:03:48.447819,8aec6083,24.88,1,67.95286916658344
2025-04-12 02:04:18.447819,8aec6083,21.7,0,24.695659908104787
2025-04-12 02:04:48.447819,3486577c,20.79,1,45.92003861880365
2025-04-12 02:05:18.447819,a05e6feb,24.02,0,35.8135034830524
2025-04-12 02:05:48.447819,a05e6feb,20.44,1,53.38826073833497
2025-04-12 02:06:18.447819,a05e6feb,21.27,1,43.0047832365586
2025-04-12 02:06:48.447819,a05e6feb,22.63,0,28.359042389639733
2025-04-12 02:07:18.447819,a05e6feb,20.55,1,51.00313830469525
2025-04-12 02:07:48.447819,8aec6083,21.31,0,39.13321068491723
2025-04-12 02:08:18.447819,3171d89a,19.55,0,41.5982127609298
2025-04-12 02:08:48.447819,3486577c,24.07,0,40.354849726735175
2025-04-12 02:09:18.447819,8aec6083,21.04,0,27.953670768170806
2025-04-12 02:09:48.447819,3486577c,20.85,1,32.5282491930951
2025-04-12 02:10:18.447819,3486577c,24.28,0,42.414371526233865
2025-04-12 02:10:48.447819,a05e6feb,22.41,0,69.17027218981136
2025-04-12 02:11:18.447819,a05e6feb,21.52,1,42.97508425577782
2025-04-12 02:11:48.447819,a05e6feb,17.38,0,44.43253908344424
2025-04-12 02:12:18.447819,a05e6feb,20.86,1,28.242850666017734
2025-04-12 02:12:48.447819,8aec6083,21.21,1,34.838662906729986
2025-04-12 02:13:18.447819,3171d89a,19.41,0,20.520096821545472
2025-04-12 02:13:48.447819,3171d89a,21.49,0,44.04340106615574
2025-04-12 02:14:18.447819,3486577c,21.71,1,49.43481915968147
2025-04-12 02:14:48.447819,a05e6feb,22.88,1,57.59915918992287
2025-04-12 02:15:18.447819,8aec6083,19.57,1,50.08990557950703
2025-04-12 02:15:48.447819,3171d89a,21.5,0,59.028063439222194
2025-04-12 02:16:18.447819,3486577c,21.23,1,44.48867594441648
2025-04-12 02:16:48.447819,8aec6083,23.34,0,37.76103211710903
2025-04-12 02:17:18.447819,8aec6083,20.22,1,56.25919111251685
2025-04-12 02:17:48.447819,3486577c,21.75,0,52.995204707110815
2025-04-12 02:18:18.447819,3171d89a,21.35,1,54.44610859593624
2025-04-12 02:18:48.447819,a05e6feb,22.27,1,39.228865250888084
2025-04-12 02:19:18.447819,8aec6083,21.5,1,49.485749367680405
2025-04-12 02:19:48.447819,3486577c,21.46,1,67.76021694784305
2025-04-12 02:20:18.447819,8aec6083,22.43,0,24.41993774435169
2025-04-12 02:20:48.447819,3171d89a,24.13,0,59.63425789912208
2025-04-12 02:21:18.447819,3486577c,21.93,0,49.78847461676508
2025-04-12 02:21:48.447819,3486577c,19.2,1,64.41942735823692
2025-04-12 02:22:18.447819,3171d89a,20.67,1,45.75080546304443
2025-04-12 02:22:48.447819,a05e6feb,18.17,0,58.699796419528056
2025-04-12 02:23:18.447819,3171d89a,20.34,0,59.34401020142451
2025-04-12 02:23:48.447819,a05e6feb,20.52,0,38.91788377021807
2025-04-12 02:24:18.447819,8aec6083,22.87,1,41.48427128278431
2025-04-12 02:24:48.447819,3486577c,23.5,1,44.603330541903695
2025-04-12 02:25:18.447819,8aec6083,28.16,0,48.983447684622035
2025-04-12 02:25:48.447819,a05e6feb,18.32,0,65.71326187291167
2025-04-12 02:26:18.447819,a05e6feb,18.49,1,48.45060371237816
2025-04-12 02:26:48.447819,3171d89a,23.24,0,63.608408231786605
2025-04-12 02:27:18.447819,a05e6feb,20.64,0,46.4199943395506
2025-04-12 02:27:48.447819,3171d89a,18.4,1,44.86359496078183
2025-04-12 02:28:18.447819,3486577c,20.57,1,45.426493531806145
2025-04-12 02:28:48.447819,3171d89a,24.03,0,50.16781506186124
2025-04-12 02:29:18.447819,a05e6feb,21.69,0,58.96828579337671
2025-04-12 02:29:48.447819,3171d89a,21.21,0,56.99204913160809
2025-04-12 02:30:18.447819,3486577c,23.26,1,60.52763288713945
2025-04-12 02:30:48.447819,3486577c,23.39,0,63.45759652766458
2025-04-12 02:31:18.447819,3171d89a,22.85,1,35.762432825412226
2025-04-12 02:31:48.447819,3486577c,18.86,1,12.501035195028297
2025-04-12 02:32:18.447819,3171d89a,23.02,0,61.428348885246166
2025-04-12 02:32:48.447819,8aec6083,19.41,1,21.80490673104889
2025-04-12 02:33:18.447819,a05e6feb,19.15,0,62.17841620438228
2025-04-12 02:33:48.447819,3171d89a,23.18,0,43.69923190943131
2025-04-12 02:34:18.447819,a05e6feb,20.79,1,42.78317085788142
2025-04-12 02:34:48.447819,8aec6083,22.85,1,68.48541883941999
2025-04-12 02:35:18.447819,a05e6feb,23.8,0,56.72936831305924
2025-04-12 02:35:48.447819,3171d89a,20.91,1,46.46696828849257
2025-04-12 02:36:18.447819,3171d89a,21.88,1,33.628183485275315
2025-04-12 02:36:48.447819,8aec6083,22.25,1,56.046655115466606
2025-04-12 02:37:18.447819,3171d89a,19.75,0,42.87748628803343
2025-04-12 02:37:48.447819,a05e6feb,20.49,1,35.73089055175373
2025-04-12 02:38:18.447819,3171d89a,24.64,0,40.879345262131245
2025-04-12 02:38:48.447819,3171d89a,22.72,1,54.582719690024234
2025-04-12 02:39:18.447819,3486577c,23.22,0,63.36786258444121
2025-04-12 02:39:48.447819,3486577c,23.77,1,64.3884392034901
2025-04-12 02:40:18.447819,3486577c,25.45,1,57.9665756225231
2025-04-12 02:40:48.447819,3486577c,21.72,1,36.60340719131855
2025-04-12 02:41:18.447819,a05e6feb,21.8,0,36.16505753453026
2025-04-12 02:41:48.447819,3486577c,20.42,0,40.21908124660705
2025-04-12 02:42:18.447819,3486577c,21.05,0,34.29568353723542
2025-04-12 02:42:48.447819,a05e6feb,24.44,1,59.82074018283189
2025-04-12 02:43:18.447819,a05e6feb,23.33,1,48.38467036976636
2025-04-12 02:43:48.447819,3486577c,24.48,0,45.67722898125121
2025-04-12 02:44:18.447819,8aec6083,22.46,0,46.68716727522168
2025-04-12 02:44:48.447819,3486577c,25.98,0,40.97580054635663
2025-04-12 02:45:18.447819,8aec6083,21.41,1,34.08780601363358
2025-04-12 02:45:48.447819,3486577c,24.4,1,44.72594677741759
2025-04-12 02:46:18.447819,8aec6083,20.94,1,31.35522930289401
2025-04-12 02:46:48.447819,3486577c,24.54,1,65.94703074010755
2025-04-12 02:47:18.447819,8aec6083,20.26,1,50.54489765526515
2025-04-12 02:47:48.447819,a05e6feb,23.11,0,70.80902447248288
2025-04-12 02:48:18.447819,8aec6083,19.63,1,33.16474450132755
2025-04-12 02:48:48.447819,3486577c,21.41,1,60.65195904158084
2025-04-12 02:49:18.447819,3486577c,25.26,0,55.83165267785421
2025-04-12 02:49:48.447819,3486577c,22.73,1,37.134326759212335
2025-04-12 02:50:18.447819,8aec6083,20.95,0,39.75957635237461
2025-04-12 02:50:48.447819,3171d89a,24.59,1,42.88405439123623
2025-04-12 02:51:18.447819,8aec6083,23.03,1,37.816075571774164
2025-04-12 02:51:48.447819,a05e6feb,21.3,1,38.710450902060145
2025-04-12 02:52:18.447819,3171d89a,20.44,0,28.017566017813163
2025-04-12 02:52:48.447819,a05e6feb,21.8,0,31.018975840069494
2025-04-12 02:53:18.447819,3171d89a,24.99,1,61.67543277720309
2025-04-12 02:53:48.447819,3486577c,26.73,1,61.48953614871728
2025-04-12 02:54:18.447819,a05e6feb,21.99,0,54.15455086648101
2025-04-12 02:54:48.447819,a05e6feb,19.62,0,58.73260723915786
2025-04-12 02:55:18.447819,8aec6083,22.53,1,26.805904009502466
2025-04-12 02:55:48.447819,3171d89a,23.11,0,45.30542821677453
2025-04-12 02:56:18.447819,a05e6feb,22.67,1,38.75669336238302
2025-04-12 02:56:48.447819,8aec6083,21.82,0,30.976111364770894
2025-04-12 02:57:18.447819,8aec6083,20.85,0,34.37592480441295
2025-04-12 02:57:48.447819,3171d89a,21.24,1,83.66309185313612
2025-04-12 02:58:18.447819,3486577c,20.59,0,70.17693683626436
2025-04-12 02:58:48.447819,8aec6083,23.65,1,41.61454799634637
2025-04-12 02:59:18.447819,a05e6feb,18.67,0,67.7326279090826
2025-04-12 02:59:48.447819,3486577c,18.9,1,45.47611751278818
2025-04-12 03:00:18.447819,3486577c,22.22,0,25.027274300211154
2025-04-12 03:00:48.447819,3171d89a,22.12,0,69.94962067938638
2025-04-12 03:01:18.447819,8aec6083,28.28,1,27.380433996692876
2025-04-12 03:01:48.447819,a05e6feb,21.13,0,62.44341974855462
2025-04-12 03:02:18.447819,a05e6feb,21.58,1,51.30382145986745
2025-04-12 03:02:48.447819,a05e6feb,22.65,1,44.29861940229183
2025-04-12 03:03:18.447819,3486577c,21.22,1,26.947445699323858
2025-04-12 03:03:48.447819,3486577c,23.77,1,48.27008412014508
2025-04-12 03:04:18.447819,a05e6feb,20.18,0,56.961999514151024
2025-04-12 03:04:48.447819,a05e6feb,19.7,1,9.52306845681354
2025-04-12 03:05:18.447819,a05e6feb,24.28,1,33.92528679233657
2025-04-12 03:05:48.447819,a05e6feb,21.77,1,61.29121046394098
2025-04-12 03:06:18.447819,3171d89a,22.78,0,53.27824007247828
2025-04-12 03:06:48.447819,8aec6083,24.15,0,69.62070915582171
2025-04-12 03:07:18.447819,a05e6feb,21.39,1,40.64405489520531
2025-04-12 03:07:48.447819,a05e6feb,22.38,1,67.47294546489593
2025-04-12 03:08:18.447819,3171d89a,21.43,0,26.130476624228997
2025-04-12 03:08:48.447819,a05e6feb,22.02,0,38.35812366058236
2025-04-12 03:09:18.447819,3171d89a,22.95,0,55.81162765315486
2025-04-12 03:09:48.447819,8aec6083,19.37,1,65.39249119975561
2025-04-12 03:10:18.447819,a05e6feb,21.32,1,44.55387500069266
2025-04-12 03:10:48.447819,a05e6feb,18.88,0,42.723638809984614
2025-04-12 03:11:18.447819,3171d89a,20.37,1,19.591480601542806
2025-04-12 03:11:48.447819,a05e6feb,25.05,0,66.10955986949536
2025-04-12 03:12:18.447819,8aec6083,23.77,0,56.464284054063576
2025-04-12 03:12:48.447819,a05e6feb,24.5,0,67.99607808924789
2025-04-12 03:13:18.447819,a05e6feb,22.05,1,54.64030802685842
2025-04-12 03:13:48.447819,3171d89a,22.32,0,45.36680120393401
2025-04-12 03:14:18.447819,3486577c,23.2,1,61.05171714643109
2025-04-12 03:14:48.447819,8aec6083,22.41,0,34.921312872031415
2025-04-12 03:15:18.447819,8aec6083,23.49,0,30.18037673190395
2025-04-12 03:15:48.447819,3171d89a,22.34,1,61.32157318678426
2025-04-12 03:16:18.447819,8aec6083,22.17,1,50.71506778161834
2025-04-12 03:16:48.447819,a05e6feb,22.61,0,72.01196435649058
2025-04-12 03:17:18.447819,a05e6feb,18.98,1,65.92353138342908
2025-04-12 03:17:48.447819,a05e6feb,19.81,0,51.58528255891398
2025-04-12 03:18:18.447819,3486577c,20.84,0,52.31066900054194
2025-04-12 03:18:48.447819,3171d89a,24.88,0,48.9545121498959
2025-04-12 03:19:18.447819,3486577c,25.0,1,35.08698502406292
2025-04-12 03:19:48.447819,a05e6feb,21.66,1,59.444972899663306
2025-04-12 03:20:18.447819,8aec6083,22.57,0,42.615961644713366
2025-04-12 03:20:48.447819,a05e6feb,24.14,0,50.71366271035512
2025-04-12 03:21:18.447819,8aec6083,21.33,1,62.945723883503845
2025-04-12 03:21:48.447819,3171d89a,24.97,0,47.9641677746468
2025-04-12 03:22:18.447819,3171d89a,22.46,1,61.47096385244812
2025-04-12 03:22:48.447819,3486577c,22.52,0,52.51308732059465
2025-04-12 03:23:18.447819,a05e6feb,24.17,1,18.04951328536557
2025-04-12 03:23:48.447819,3171d89a,23.33,1,24.875539118443406
2025-04-12 03:24:18.447819,a05e6feb,23.54,1,29.027122860253343
2025-04-12 03:24:48.447819,3171d89a,21.49,0,23.299435160911006
2025-04-12 03:25:18.447819,a05e6feb,20.87,1,56.309601822142255
2025-04-12 03:25:48.447819,a05e6feb,21.25,1,32.96376809682038
2025-04-12 03:26:18.447819,3171d89a,20.16,1,70.65362033775273
2025-04-12 03:26:48.447819,3486577c,22.66,1,63.46566828832026
2025-04-12 03:27:18.447819,8aec6083,21.75,1,44.5125615910622
2025-04-12 03:27:48.447819,3171d89a,22.48,0,29.396286002028898
2025-04-12 03:28:18.447819,3171d89a,24.84,1,75.65444459167227
2025-04-12 03:28:48.447819,3486577c,20.35,0,60.5058889708103
2025-04-12 03:29:18.447819,3486577c,22.42,0,23.493237163512443
2025-04-12 03:29:48.447819,a05e6feb,25.7,1,34.84856297609436
2025-04-12 03:30:18.447819,a05e6feb,22.68,1,54.92302807755362
2025-04-12 03:30:48.447819,a05e6feb,22.83,1,55.013587418740485
2025-04-12 03:31:18.447819,3486577c,22.67,0,61.87403785329581
2025-04-12 03:31:48.447819,3486577c,21.16,0,68.32412450406972
2025-04-12 03:32:18.447819,3486577c,22.57,1,43.93547171977774
2025-04-12 03:32:48.447819,a05e6feb,20.92,0,42.57084718558516
2025-04-12 03:33:18.447819,3486577c,21.01,0,64.60659029244047
2025-04-12 03:33:48.447819,3171d89a,17.65,1,36.65871821757965
2025-04-12 03:34:18.447819,8aec6083,21.91,1,53.01079555329901
2025-04-12 03:34:48.447819,8aec6083,20.95,0,59.8937488963327
2025-04-12 03:35:18.447819,3171d89a,20.11,1,48.77968227573294
2025-04-12 03:35:48.447819,3171d89a,24.23,1,31.099034099175203
2025-04-12 03:36:18.447819,8aec6083,22.16,0,60.162244446448035
2025-04-12 03:36:48.447819,3171d89a,18.93,0,43.53754869092923
2025-04-12 03:37:18.447819,3486577c,24.08,1,57.22407789655408
2025-04-12 03:37:48.447819,3171d89a,23.33,1,62.526921180844596
2025-04-12 03:38:18.447819,3486577c,23.07,1,41.58230289050752
2025-04-12 03:38:48.447819,a05e6feb,20.08,1,42.105455464719654
2025-04-12 03:39:18.447819,a05e6feb,24.26,1,62.53232469666071
2025-04-12 03:39:48.447819,a05e6feb,21.3,0,50.3712044279293
2025-04-12 03:40:18.447819,3171d89a,19.5,0,32.194168532021706
2025-04-12 03:40:48.447819,a05e6feb,22.22,0,61.298997683358124
2025-04-12 03:41:18.447819,8aec6083,21.84,1,33.372631697728096
2025-04-12 03:41:48.447819,3171d89a,21.94,1,64.5942754865779
2025-04-12 03:42:18.447819,8aec6083,20.35,1,76.58542130609924
2025-04-12 03:42:48.447819,8aec6083,21.43,1,55.48239754470744
2025-04-12 03:43:18.447819,3486577c,21.22,1,52.76319839938277
2025-04-12 03:43:48.447819,3486577c,21.6,1,47.737457694594305
2025-04-12 03:44:18.447819,3486577c,23.94,1,43.6996420736979
2025-04-12 03:44:48.447819,a05e6feb,18.56,1,51.5521391661367
2025-04-12 03:45:18.447819,a05e6feb,19.9,1,74.93088430203116
2025-04-12 03:45:48.447819,3486577c,23.41,0,55.53709857295041
2025-04-12 03:46:18.447819,3171d89a,26.48,1,72.17029411933815
2025-04-12 03:46:48.447819,3171d89a,21.87,1,51.148312596310824
2025-04-12 03:47:18.447819,3486577c,21.31,0,29.99034930486711
2025-04-12 03:47:48.447819,8aec6083,23.92,0,45.232663984683285
2025-04-12 03:48:18.447819,3486577c,21.44,0,87.5137479243129
2025-04-12 03:48:48.447819,a05e6feb,22.76,1,36.49380507828096
2025-04-12 03:49:18.447819,a05e6feb,19.01,1,60.95901773485551
2025-04-12 03:49:48.447819,3171d89a,22.47,0,33.57845334161288
2025-04-12 03:50:18.447819,3486577c,22.17,0,64.11146410419964
2025-04-12 03:50:48.447819,8aec6083,20.61,0,68.0638190764417
2025-04-12 03:51:18.447819,3171d89a,23.87,0,62.48435534091704
2025-04-12 03:51:48.447819,a05e6feb,22.95,1,37.05627882769683
2025-04-12 03:52:18.447819,3486577c,25.52,1,42.21183602436649
2025-04-12 03:52:48.447819,3171d89a,22.5,1,30.399817415839564
2025-04-12 03:53:18.447819,3486577c,22.77,0,34.57369744387913
2025-04-12 03:53:48.447819,8aec6083,21.02,1,30.17277367944126
2025-04-12 03:54:18.447819,3171d89a,19.05,0,60.53643200560627
2025-04-12 03:54:48.447819,8aec6083,16.87,0,49.16118937615802
2025-04-12 03:55:18.447819,a05e6feb,24.54,0,37.83826219361245
2025-04-12 03:55:48.447819,3171d89a,20.09,1,46.73753938856536
2025-04-12 03:56:18.447819,8aec6083,25.25,0,59.52579560753912
2025-04-12 03:56:48.447819,8aec6083,19.63,1,34.437656224940326
2025-04-12 03:57:18.447819,3171d89a,26.36,1,68.64419353846246
2025-04-12 03:57:48.447819,3171d89a,20.27,0,66.00665681914889
2025-04-12 03:58:18.447819,a05e6feb,18.71,0,52.49248993445702
2025-04-12 03:58:48.447819,3171d89a,22.28,1,47.03989767394318
2025-04-12 03:59:18.447819,3486577c,23.97,0,32.44690829402969
2025-04-12 03:59:48.447819,3486577c,23.15,0,47.40626120475639
2025-04-12 04:00:18.447819,8aec6083,22.06,1,53.866618635821986
2025-04-12 04:00:48.447819,a05e6feb,23.79,0,50.49076672743502
2025-04-12 04:01:18.447819,3171d89a,19.63,1,42.80194884134052
2025-04-12 04:01:48.447819,3486577c,20.88,1,58.35141533544068
2025-04-12 04:02:18.447819,a05e6feb,24.86,1,41.43633156017657
2025-04-12 04:02:48.447819,3486577c,20.57,0,66.65147733910318
2025-04-12 04:03:18.447819,3486577c,22.35,1,33.75914192287023
2025-04-12 04:03:48.447819,8aec6083,21.04,0,57.500037756210716
2025-04-12 04:04:18.447819,a05e6feb,24.11,1,53.593059752903606
2025-04-12 04:04:48.447819,3171d89a,22.53,1,43.192379484235964
2025-04-12 04:05:18.447819,3171d89a,20.25,0,33.58755610883739
2025-04-12 04:05:48.447819,3486577c,22.14,1,46.54461348921439
2025-04-12 04:06:18.447819,8aec6083,21.97,1,48.75733209429568
2025-04-12 04:06:48.447819,8aec6083,21.83,1,61.54101437818393
2025-04-12 04:07:18.447819,8aec6083,21.35,1,65.90165015238713
2025-04-12 04:07:48.447819,8aec6083,26.71,1,56.00687344339836
2025-04-12 04:08:18.447819,3486577c,20.66,0,40.11023185081173
2025-04-12 04:08:48.447819,3171d89a,21.84,0,65.002765595456
2025-04-12 04:09:18.447819,3171d89a,19.66,1,36.11339537164075
2025-04-12 04:09:48.447819,3486577c,22.77,1,41.58017110766157
2025-04-12 04:10:18.447819,3486577c,24.17,0,46.62362380836982
2025-04-12 04:10:48.447819,8aec6083,21.56,0,55.196264211896995
2025-04-12 04:11:18.447819,3171d89a,21.79,0,45.44830496859202
2025-04-12 04:11:48.447819,a05e6feb,21.49,0,37.44704605459241
2025-04-12 04:12:18.447819,a05e6feb,20.67,1,54.57866027155595
2025-04-12 04:12:48.447819,3171d89a,16.08,1,56.21880705199496
2025-04-12 04:13:18.447819,3171d89a,20.07,1,69.88754439575041
2025-04-12 04:13:48.447819,a05e6feb,21.57,0,52.794821628684005
2025-04-12 04:14:18.447819,8aec6083,23.46,0,61.69589797071727
2025-04-12 04:14:48.447819,3171d89a,21.69,1,50.49229806689774
2025-04-12 04:15:18.447819,3171d89a,25.38,0,35.50269391141786
2025-04-12 04:15:48.447819,3486577c,22.34,1,38.634396940453264
2025-04-12 04:16:18.447819,3486577c,18.52,1,43.301081662053576
2025-04-12 04:16:48.447819,a05e6feb,19.11,0,68.10220348026382
2025-04-12 04:17:18.447819,8aec6083,21.63,1,57.63999361204603
2025-04-12 04:17:48.447819,8aec6083,22.72,0,56.46090373510181
2025-04-12 04:18:18.447819,3486577c,20.01,1,37.34436036860416
2025-04-12 04:18:48.447819,3171d89a,24.8,0,37.61349544685707
2025-04-12 04:19:18.447819,8aec6083,19.24,0,46.40261824320247
2025-04-12 04:19:48.447819,3171d89a,23.73,1,22.27197460017437
2025-04-12 04:20:18.447819,3171d89a,21.42,1,54.62990420989812
2025-04-12 04:20:48.447819,3171d89a,23.35,1,31.49455722658873
2025-04-12 04:21:18.447819,a05e6feb,19.39,0,47.00000444247485
2025-04-12 04:21:48.447819,8aec6083,21.49,1,37.65130355016635
2025-04-12 04:22:18.447819,3486577c,23.13,0,55.13454657684411
2025-04-12 04:22:48.447819,3171d89a,24.17,1,48.491528293412266
2025-04-12 04:23:18.447819,3486577c,25.18,0,35.77701751705688
2025-04-12 04:23:48.447819,3486577c,21.66,0,59.54476452897352
2025-04-12 04:24:18.447819,3171d89a,22.73,0,64.57187457969309
2025-04-12 04:24:48.447819,a05e6feb,23.36,1,57.41982540790045
2025-04-12 04:25:18.447819,3171d89a,21.39,0,52.196789530987864
2025-04-12 04:25:48.447819,3486577c,21.41,0,19.225789028644467
2025-04-12 04:26:18.447819,3171d89a,22.47,1,38.489771760425946
2025-04-12 04:26:48.447819,3171d89a,21.65,0,29.987925958458415
2025-04-12 04:27:18.447819,3171d89a,22.57,0,53.01443889731512
2025-04-12 04:27:48.447819,3486577c,23.5,0,21.985687130010728
2025-04-12 04:28:18.447819,a05e6feb,23.36,1,30.31309031949436
2025-04-12 04:28:48.447819,3486577c,19.95,0,66.5333255535977
2025-04-12 04:29:18.447819,a05e6feb,16.8,0,61.81569412199961
2025-04-12 04:29:48.447819,3171d89a,19.19,0,48.91118200152661
2025-04-12 04:30:18.447819,8aec6083,22.57,0,68.53761970770907
2025-04-12 04:30:48.447819,3486577c,22.33,1,55.13885364304436
2025-04-12 04:31:18.447819,8aec6083,22.31,1,60.854095827972365
2025-04-12 04:31:48.447819,3486577c,21.26,0,52.49024352753909
2025-04-12 04:32:18.447819,3486577c,23.83,1,55.016224965373496
2025-04-12 04:32:48.447819,3486577c,25.33,1,52.00526505831952
2025-04-12 04:33:18.447819,a05e6feb,22.48,0,36.64291488522139
2025-04-12 04:33:48.447819,a05e6feb,22.21,1,54.38467852248376
2025-04-12 04:34:18.447819,3171d89a,23.48,1,35.452173570998376
2025-04-12 04:34:48.447819,3171d89a,22.5,0,68.36779692790074
2025-04-12 04:35:18.447819,3171d89a,20.56,0,78.62906509113247
2025-04-12 04:35:48.447819,3486577c,22.76,1,63.802767524425136
2025-04-12 04:36:18.447819,3171d89a,25.46,1,32.01789428417566
2025-04-12 04:36:48.447819,3171d89a,22.77,1,51.71088949659135
2025-04-12 04:37:18.447819,a05e6feb,21.05,0,25.793262808828636
2025-04-12 04:37:48.447819,3171d89a,19.6,1,56.58207672717964
2025-04-12 04:38:18.447819,3486577c,22.32,0,51.54022910409304
2025-04-12 04:38:48.447819,8aec6083,20.69,0,62.138152312652664
2025-04-12 04:39:18.447819,a05e6feb,20.29,0,55.77606740799759
2025-04-12 04:39:48.447819,8aec6083,17.31,0,60.73695189668916
2025-04-12 04:40:18.447819,3486577c,19.78,0,62.492188235544205
2025-04-12 04:40:48.447819,8aec6083,20.2,1,68.50988616614869
2025-04-12 04:41:18.447819,a05e6feb,23.48,1,29.81278353934489
2025-04-12 04:41:48.447819,3171d89a,20.36,1,44.29413263865698
2025-04-12 04:42:18.447819,3171d89a,21.92,1,28.461897956298536
2025-04-12 04:42:48.447819,3486577c,22.61,0,45.022644346272685
2025-04-12 04:43:18.447819,8aec6083,19.09,1,28.134053467627307
2025-04-12 04:43:48.447819,3486577c,24.35,1,54.60147874829903
2025-04-12 04:44:18.447819,3486577c,20.05,1,54.82888465266
2025-04-12 04:44:48.447819,3171d89a,21.68,0,42.14747674836321
2025-04-12 04:45:18.447819,3486577c,20.55,0,45.68638870358978
2025-04-12 04:45:48.447819,3171d89a,19.14,1,40.94092370470067
2025-04-12 04:46:18.447819,3171d89a,19.89,1,56.71994827134779
2025-04-12 04:46:48.447819,a05e6feb,21.0,1,50.213226365825655
2025-04-12 04:47:18.447819,a05e6feb,19.1,0,51.74005837794573
2025-04-12 04:47:48.447819,3486577c,20.01,1,37.478694909494735
2025-04-12 04:48:18.447819,3171d89a,18.94,1,68.25678620016721
2025-04-12 04:48:48.447819,8aec6083,20.43,0,49.496216995882754
2025-04-12 04:49:18.447819,3171d89a,21.38,0,50.19054379753896
2025-04-12 04:49:48.447819,3171d89a,19.07,1,41.98528188738036
2025-04-12 04:50:18.447819,8aec6083,21.39,0,34.447220995795334
2025-04-12 04:50:48.447819,3171d89a,22.78,1,59.52048227976312
2025-04-12 04:51:18.447819,a05e6feb,21.79,0,64.99876757700795
2025-04-12 04:51:48.447819,8aec6083,22.09,0,60.20747429486956
2025-04-12 04:52:18.447819,3486577c,20.37,0,47.15871064936894
2025-04-12 04:52:48.447819,a05e6feb,25.77,0,64.20173045022038
2025-04-12 04:53:18.447819,3486577c,22.42,1,30.940822254928143
2025-04-12 04:53:48.447819,8aec6083,21.37,0,29.19116614780323
2025-04-12 04:54:18.447819,8aec6083,21.28,1,62.172176682078394
2025-04-12 04:54:48.447819,3171d89a,25.12,1,38.76316307057672
2025-04-12 04:55:18.447819,3171d89a,20.53,1,57.49211255166952
2025-04-12 04:55:48.447819,a05e6feb,24.83,1,67.59805719099367
2025-04-12 04:56:18.447819,3486577c,20.4,0,63.23392904005866
2025-04-12 04:56:48.447819,a05e6feb,21.71,0,54.48268797978428
2025-04-12 04:57:18.447819,8aec6083,21.39,0,35.12311828584024
2025-04-12 04:57:48.447819,a05e6feb,20.99,0,37.67175527690532
2025-04-12 04:58:18.447819,3171d89a,24.98,1,64.02126008005233
2025-04-12 04:58:48.447819,3171d89a,20.57,0,65.56072179094426
2025-04-12 04:59:18.447819,8aec6083,26.41,1,60.31485879676276
2025-04-12 04:59:48.447819,3171d89a,22.32,0,52.4939363700315
2025-04-12 05:00:18.447819,3171d89a,21.91,1,38.35443632937064
2025-04-12 05:00:48.447819,a05e6feb,20.42,0,35.332341079126394
2025-04-12 05:01:18.447819,3171d89a,24.9,1,40.14690378943768
2025-04-12 05:01:48.447819,a05e6feb,24.39,1,56.90823799080233
2025-04-12 05:02:18.447819,a05e6feb,20.57,1,57.713452752272275
2025-04-12 05:02:48.447819,3171d89a,19.25,0,39.365118805896195
2025-04-12 05:03:18.447819,3171d89a,25.27,1,54.2670993820624
2025-04-12 05:03:48.447819,3171d89a,21.13,1,66.49843989888787
2025-04-12 05:04:18.447819,8aec6083,23.86,1,46.9357448835947
2025-04-12 05:04:48.447819,a05e6feb,23.93,0,68.69677236487631
2025-04-12 05:05:18.447819,3486577c,23.96,1,35.634342343395886
2025-04-12 05:05:48.447819,3486577c,22.33,0,80.78280057583567
2025-04-12 05:06:18.447819,8aec6083,24.3,1,48.971100134002555
2025-04-12 05:06:48.447819,3171d89a,27.39,0,33.75995100317763
2025-04-12 05:07:18.447819,3486577c,25.78,1,50.40159838179751
2025-04-12 05:07:48.447819,3486577c,22.73,0,40.27287652631417
2025-04-12 05:08:18.447819,3486577c,22.45,1,38.6673773468228
2025-04-12 05:08:48.447819,3171d89a,19.53,0,70.52797593994126
2025-04-12 05:09:18.447819,a05e6feb,22.93,1,44.07698729140103
2025-04-12 05:09:48.447819,a05e6feb,23.92,1,67.43173919710065
2025-04-12 05:10:18.447819,8aec6083,20.9,0,36.791869601758684
2025-04-12 05:10:48.447819,3486577c,21.62,1,48.0005539800366
2025-04-12 05:11:18.447819,8aec6083,23.67,0,59.5088456932469
2025-04-12 05:11:48.447819,8aec6083,20.23,0,56.820631137126576
2025-04-12 05:12:18.447819,a05e6feb,22.86,1,41.48798661746712
2025-04-12 05:12:48.447819,a05e6feb,22.91,1,74.01020757746015
2025-04-12 05:13:18.447819,8aec6083,22.53,0,53.83302941913454
2025-04-12 05:13:48.447819,8aec6083,23.46,0,77.8912859903204
2025-04-12 05:14:18.447819,3486577c,20.64,1,35.038404361226135
2025-04-12 05:14:48.447819,3486577c,19.24,0,46.57489171588118
2025-04-12 05:15:18.447819,3171d89a,20.92,0,66.01322392641983
2025-04-12 05:15:48.447819,a05e6feb,22.54,1,34.84078077280636
2025-04-12 05:16:18.447819,8aec6083,23.73,0,35.59273897242032
2025-04-12 05:16:48.447819,a05e6feb,20.91,1,34.22618422473394
2025-04-12 05:17:18.447819,a05e6feb,19.02,0,42.826074508247075
2025-04-12 05:17:48.447819,3486577c,23.83,1,56.328206866629166
2025-04-12 05:18:18.447819,3486577c,24.85,0,75.84312237699115
2025-04-12 05:18:48.447819,3486577c,18.39,1,56.27213684342867
2025-04-12 05:19:18.447819,8aec6083,22.35,0,63.60402942589777
2025-04-12 05:19:48.447819,3171d89a,22.51,1,57.84604993434116
2025-04-12 05:20:18.447819,3486577c,20.07,1,66.7307903252762
2025-04-12 05:20:48.447819,3171d89a,22.55,0,58.33189968075345
2025-04-12 05:21:18.447819,a05e6feb,20.68,1,60.94629862479047
2025-04-12 05:21:48.447819,3171d89a,25.08,1,70.32802899658606
2025-04-12 05:22:18.447819,3171d89a,25.13,1,64.6208480255202
2025-04-12 05:22:48.447819,3171d89a,23.44,1,41.41966383302125
2025-04-12 05:23:18.447819,3486577c,20.93,1,79.27742649094415
2025-04-12 05:23:48.447819,8aec6083,23.07,0,67.26788571047632
2025-04-12 05:24:18.447819,3486577c,21.39,0,38.12033332708223
2025-04-12 05:24:48.447819,a05e6feb,22.74,0,49.614262276504455
2025-04-12 05:25:18.447819,3171d89a,23.24,1,51.000638082240066
2025-04-12 05:25:48.447819,8aec6083,22.37,0,64.74967492722051
2025-04-12 05:26:18.447819,a05e6feb,22.46,0,30.00565448793302
2025-04-12 05:26:48.447819,3171d89a,20.77,1,67.77819810157459
2025-04-12 05:27:18.447819,3486577c,23.27,0,49.98571886338467
2025-04-12 05:27:48.447819,a05e6feb,21.14,1,50.73847720604907
2025-04-12 05:28:18.447819,3486577c,22.12,1,57.06196366439946
2025-04-12 05:28:48.447819,3171d89a,18.35,1,63.090043077349875
2025-04-12 05:29:18.447819,8aec6083,23.51,1,73.67224621691871
2025-04-12 05:29:48.447819,a05e6feb,23.08,1,57.32397112597409
2025-04-12 05:30:18.447819,8aec6083,22.15,1,43.295451533450326
2025-04-12 05:30:48.447819,8aec6083,19.45,1,38.37710406521373
2025-04-12 05:31:18.447819,3486577c,20.97,0,77.86105112681987
2025-04-12 05:31:48.447819,8aec6083,23.02,1,67.41314066443485
2025-04-12 05:32:18.447819,8aec6083,21.12,1,39.08131695721204
2025-04-12 05:32:48.447819,8aec6083,18.49,0,49.89848951072182
2025-04-12 05:33:18.447819,3486577c,24.28,0,46.737012128563336
2025-04-12 05:33:48.447819,a05e6feb,20.82,1,36.738606443447324
2025-04-12 05:34:18.447819,8aec6083,24.27,1,63.183334455483404
2025-04-12 05:34:48.447819,3486577c,23.11,1,36.36281182064395
2025-04-12 05:35:18.447819,3171d89a,17.96,0,39.47196117581212
2025-04-12 05:35:48.447819,8aec6083,23.07,0,71.36752238457554
2025-04-12 05:36:18.447819,3171d89a,22.64,0,33.07396962996777
2025-04-12 05:36:48.447819,3171d89a,20.93,1,46.6620687028401
2025-04-12 05:37:18.447819,a05e6feb,20.66,0,46.588400943842366
2025-04-12 05:37:48.447819,a05e6feb,23.35,0,62.36976854605746
2025-04-12 05:38:18.447819,8aec6083,25.2,1,32.329012878624845
2025-04-12 05:38:48.447819,3486577c,23.02,1,36.27257209698222
2025-04-12 05:39:18.447819,a05e6feb,22.89,1,37.611750025563836
2025-04-12 05:39:48.447819,a05e6feb,19.37,1,34.51078079513702
2025-04-12 05:40:18.447819,3171d89a,22.0,1,68.397299142048
2025-04-12 05:40:48.447819,3486577c,21.19,0,70.24863577300675
2025-04-12 05:41:18.447819,8aec6083,23.19,1,50.64590138707855
2025-04-12 05:41:48.447819,3171d89a,27.51,0,65.89865952389985
2025-04-12 05:42:18.447819,3171d89a,23.31,1,48.48220966197565
2025-04-12 05:42:48.447819,3171d89a,25.75,1,45.82010140598416
2025-04-12 05:43:18.447819,8aec6083,24.3,1,24.350051592365663
2025-04-12 05:43:48.447819,3486577c,21.31,1,42.98465630743772
2025-04-12 05:44:18.447819,8aec6083,24.4,1,47.383767959468265
2025-04-12 05:44:48.447819,a05e6feb,21.94,0,31.16731423920199
2025-04-12 05:45:18.447819,3171d89a,22.73,1,30.474102506520197
2025-04-12 05:45:48.447819,8aec6083,22.6,1,62.55100105990276
2025-04-12 05:46:18.447819,8aec6083,24.37,0,53.18505249667461
2025-04-12 05:46:48.447819,3486577c,20.85,1,55.33325102310867
2025-04-12 05:47:18.447819,3171d89a,24.42,1,43.12875697187579
2025-04-12 05:47:48.447819,3486577c,22.61,0,51.12610483291884
2025-04-12 05:48:18.447819,3486577c,20.93,0,38.930061226193416
2025-04-12 05:48:48.447819,3171d89a,23.72,1,38.86188273535775
2025-04-12 05:49:18.447819,3171d89a,21.69,0,33.7935853067143
2025-04-12 05:49:48.447819,3171d89a,21.71,1,66.56407205453198
2025-04-12 05:50:18.447819,8aec6083,20.88,0,54.7505927870554
2025-04-12 05:50:48.447819,3486577c,20.54,1,50.523987616337024
2025-04-12 05:51:18.447819,3486577c,24.51,0,45.43006429725588
2025-04-12 05:51:48.447819,a05e6feb,23.0,0,32.74447627257815
2025-04-12 05:52:18.447819,3486577c,22.99,1,63.08505965900359
2025-04-12 05:52:48.447819,3171d89a,22.16,1,34.65944309340105
2025-04-12 05:53:18.447819,3171d89a,21.51,1,28.405603224949104
2025-04-12 05:53:48.447819,a05e6feb,19.95,1,70.0742134626539
2025-04-12 05:54:18.447819,8aec6083,20.24,0,53.45246875677334
2025-04-12 05:54:48.447819,3486577c,21.08,1,70.13694355658042
2025-04-12 05:55:18.447819,3486577c,21.54,0,31.687453555955496
2025-04-12 05:55:48.447819,3171d89a,23.67,1,25.47150908983177
2025-04-12 05:56:18.447819,3171d89a,21.57,0,58.34016830084583
2025-04-12 05:56:48.447819,3171d89a,22.69,1,44.87034300682258
2025-04-12 05:57:18.447819,8aec6083,18.25,0,59.24122159148741
2025-04-12 05:57:48.447819,8aec6083,23.78,0,50.440925857411386
2025-04-12 05:58:18.447819,a05e6feb,17.53,0,44.68322679743472
2025-04-12 05:58:48.447819,a05e6feb,22.4,1,42.97926135710149
2025-04-12 05:59:18.447819,3171d89a,24.17,0,53.52927660004292
2025-04-12 05:59:48.447819,3486577c,20.58,0,33.41407995188824
2025-04-12 06:00:18.447819,a05e6feb,19.8,0,63.64883132230052
2025-04-12 06:00:48.447819,3171d89a,23.68,1,29.189687202116076
2025-04-12 06:01:18.447819,3171d89a,21.48,0,65.65146718674671
2025-04-12 06:01:48.447819,3171d89a,21.55,0,49.08570156163958
2025-04-12 06:02:18.447819,3171d89a,24.69,0,58.88996003606506
2025-04-12 06:02:48.447819,a05e6feb,22.47,0,54.3292799208386
2025-04-12 06:03:18.447819,a05e6feb,20.25,1,67.76445185488375
2025-04-12 06:03:48.447819,3171d89a,20.7,0,63.54515445989177
2025-04-12 06:04:18.447819,8aec6083,19.27,1,60.26277052117566
2025-04-12 06:04:48.447819,8aec6083,22.22,0,67.7232124797747
2025-04-12 06:05:18.447819,a05e6feb,25.58,0,31.60388513020162
2025-04-12 06:05:48.447819,8aec6083,21.49,1,35.948490297473136
2025-04-12 06:06:18.447819,a05e6feb,22.76,1,39.409506103677955
2025-04-12 06:06:48.447819,3486577c,26.9,1,55.807868967959934
2025-04-12 06:07:18.447819,3171d89a,23.49,0,42.279628690977475
2025-04-12 06:07:48.447819,a05e6feb,20.73,1,36.90419892077101
2025-04-12 06:08:18.447819,3486577c,22.74,1,63.77778230738582
2025-04-12 06:08:48.447819,3171d89a,22.02,1,50.446667851078104
2025-04-12 06:09:18.447819,a05e6feb,22.85,1,24.2979893583513
2025-04-12 06:09:48.447819,3171d89a,21.0,1,58.22952341064318
2025-04-12 06:10:18.447819,a05e6feb,21.56,1,63.13881663221326
2025-04-12 06:10:48.447819,3171d89a,20.95,1,28.357765828166663
2025-04-12 06:11:18.447819,a05e6feb,22.39,1,19.750916573293374
2025-04-12 06:11:48.447819,8aec6083,22.94,1,25.723062717257235
2025-04-12 06:12:18.447819,3486577c,18.49,0,34.72106586034817
2025-04-12 06:12:48.447819,8aec6083,22.46,1,78.16923619055402
2025-04-12 06:13:18.447819,a05e6feb,24.75,1,31.84087352187443
2025-04-12 06:13:48.447819,a05e6feb,21.51,1,63.16522403528064
2025-04-12 06:14:18.447819,3171d89a,21.76,0,44.51912512924814
2025-04-12 06:14:48.447819,3486577c,19.06,0,26.407508806055098
2025-04-12 06:15:18.447819,8aec6083,22.1,1,59.7920817035925
2025-04-12 06:15:48.447819,a05e6feb,24.3,1,50.73267916340769
2025-04-12 06:16:18.447819,8aec6083,21.74,1,25.1606441073681
2025-04-12 06:16:48.447819,3171d89a,22.4,1,43.686667137413906
2025-04-12 06:17:18.447819,3486577c,24.0,1,49.18441030827223
2025-04-12 06:17:48.447819,8aec6083,24.67,1,47.284191200366585
2025-04-12 06:18:18.447819,3486577c,22.32,0,36.86000677779081
2025-04-12 06:18:48.447819,3486577c,21.35,1,87.10256767816404
2025-04-12 06:19:18.447819,3486577c,21.57,1,57.57964007868231
2025-04-12 06:19:48.447819,8aec6083,22.17,1,45.24222094619842
2025-04-12 06:20:18.447819,8aec6083,22.21,0,65.20805154988828
2025-04-12 06:20:48.447819,8aec6083,21.33,0,57.15088297250905
2025-04-12 06:21:18.447819,3486577c,23.89,1,41.820039694661084
2025-04-12 06:21:48.447819,3171d89a,21.42,0,33.06626282145176
2025-04-12 06:22:18.447819,8aec6083,22.04,1,53.971725047459685
2025-04-12 06:22:48.447819,3171d89a,22.37,1,40.47585636191308
2025-04-12 06:23:18.447819,8aec6083,21.61,0,56.065698476222884
2025-04-12 06:23:48.447819,8aec6083,23.87,1,57.37305074005436
2025-04-12 06:24:18.447819,3171d89a,15.54,0,68.95748067144449
2025-04-12 06:24:48.447819,8aec6083,20.37,1,65.45846256329442
2025-04-12 06:25:18.447819,a05e6feb,20.76,0,42.93865282664553
2025-04-12 06:25:48.447819,8aec6083,23.44,0,38.32061468550497
2025-04-12 06:26:18.447819,3171d89a,24.33,0,54.64943537299162
2025-04-12 06:26:48.447819,3486577c,22.93,1,59.1604236115742
2025-04-12 06:27:18.447819,8aec6083,25.14,1,44.30658888306418
2025-04-12 06:27:48.447819,3171d89a,22.78,1,50.855526483249996
2025-04-12 06:28:18.447819,a05e6feb,20.49,1,61.38251721267269
2025-04-12 06:28:48.447819,8aec6083,20.1,1,39.94825958785498
2025-04-12 06:29:18.447819,3486577c,26.03,0,57.0539679769625
2025-04-12 06:29:48.447819,a05e6feb,20.4,1,66.93362769895259
2025-04-12 06:30:18.447819,3486577c,21.26,0,34.733071125354215
2025-04-12 06:30:48.447819,8aec6083,24.58,1,74.32714944944522
2025-04-12 06:31:18.447819,3171d89a,23.91,0,44.58384782388336
2025-04-12 06:31:48.447819,3171d89a,21.73,1,49.67028661868611
2025-04-12 06:32:18.447819,3486577c,23.34,0,59.70588596228292
2025-04-12 06:32:48.447819,8aec6083,26.14,0,44.52320059654754
2025-04-12 06:33:18.447819,3486577c,25.67,1,39.329823913759284
2025-04-12 06:33:48.447819,3171d89a,22.72,0,39.7302295693305
2025-04-12 06:34:18.447819,3486577c,20.46,0,61.70181307249403
2025-04-12 06:34:48.447819,3486577c,24.85,0,35.45590891523837
2025-04-12 06:35:18.447819,3171d89a,20.85,1,44.529893313676524
2025-04-12 06:35:48.447819,8aec6083,19.32,0,59.977032635302976
2025-04-12 06:36:18.447819,8aec6083,22.54,0,31.428273013866875
2025-04-12 06:36:48.447819,a05e6feb,18.89,0,67.30685776953226
2025-04-12 06:37:18.447819,8aec6083,23.71,0,34.206662685767085
2025-04-12 06:37:48.447819,3171d89a,20.36,0,46.38455500787295
2025-04-12 06:38:18.447819,8aec6083,24.76,0,63.94492272557314
2025-04-12 06:38:48.447819,3171d89a,23.9,1,29.436142647204797
2025-04-12 06:39:18.447819,3171d89a,23.95,0,48.135046209582725
2025-04-12 06:39:48.447819,3171d89a,22.04,1,41.50424816373715
2025-04-12 06:40:18.447819,8aec6083,21.91,0,64.53113274634077
2025-04-12 06:40:48.447819,3486577c,21.54,0,39.46636806897513
2025-04-12 06:41:18.447819,3171d89a,24.6,0,58.26910991822831
2025-04-12 06:41:48.447819,3486577c,20.11,0,39.265138878462245
2025-04-12 06:42:18.447819,8aec6083,21.66,0,45.23400035539856
2025-04-12 06:42:48.447819,a05e6feb,19.94,0,62.08395354741603
2025-04-12 06:43:18.447819,3486577c,20.41,0,34.43891936779455
2025-04-12 06:43:48.447819,3486577c,22.28,0,46.10007785579051
2025-04-12 06:44:18.447819,8aec6083,25.44,0,58.692194377552504
2025-04-12 06:44:48.447819,a05e6feb,25.95,0,67.7380743792997
2025-04-12 06:45:18.447819,8aec6083,20.92,1,49.52351832362354
2025-04-12 06:45:48.447819,8aec6083,16.63,1,34.04855215166024
2025-04-12 06:46:18.447819,a05e6feb,19.99,0,50.66000456383786
2025-04-12 06:46:48.447819,a05e6feb,20.82,1,37.10633202656538
2025-04-12 06:47:18.447819,3486577c,22.45,1,56.27170904677499
2025-04-12 06:47:48.447819,3171d89a,23.09,1,36.38388133550888
2025-04-12 06:48:18.447819,3171d89a,23.16,1,61.020329387392685
2025-04-12 06:48:48.447819,3486577c,22.92,1,57.645926957448566
2025-04-12 06:49:18.447819,a05e6feb,22.7,1,57.536207755257706
2025-04-12 06:49:48.447819,a05e6feb,24.2,1,52.73787196968134
2025-04-12 06:50:18.447819,3171d89a,22.18,0,65.16448460297494
2025-04-12 06:50:48.447819,a05e6feb,26.8,1,67.84944279052972
2025-04-12 06:51:18.447819,3486577c,23.26,0,54.50626556218847
2025-04-12 06:51:48.447819,3171d89a,22.24,1,40.609822508052645
2025-04-12 06:52:18.447819,a05e6feb,23.39,0,40.82650743477179
2025-04-12 06:52:48.447819,a05e6feb,19.85,1,33.649860696231755
2025-04-12 06:53:18.447819,3486577c,22.59,1,43.77649279835423
2025-04-12 06:53:48.447819,3171d89a,19.12,0,17.145060887160867
2025-04-12 06:54:18.447819,a05e6feb,20.14,1,30.57164260034066
2025-04-12 06:54:48.447819,3171d89a,21.6,1,64.94022100623516
2025-04-12 06:55:18.447819,3486577c,20.47,0,30.354245093547167
2025-04-12 06:55:48.447819,3486577c,23.54,0,33.388264842490344
2025-04-12 06:56:18.447819,3171d89a,20.4,1,40.65509223538049
2025-04-12 06:56:48.447819,8aec6083,19.46,0,33.41907210000823
2025-04-12 06:57:18.447819,3171d89a,23.78,1,63.67983537427132
2025-04-12 06:57:48.447819,3171d89a,27.09,1,65.6487237711689
2025-04-12 06:58:18.447819,8aec6083,20.81,1,46.038929951378236
2025-04-12 06:58:48.447819,a05e6feb,21.45,1,64.24204927125614
2025-04-12 06:59:18.447819,3486577c,19.93,1,44.71055061450819
2025-04-12 06:59:48.447819,3171d89a,19.82,1,39.43479628129241
2025-04-12 07:00:18.447819,3486577c,25.32,0,32.75352930073262
2025-04-12 07:00:48.447819,3171d89a,23.11,1,61.7073547520426
2025-04-12 07:01:18.447819,8aec6083,21.06,1,40.367656018434765
2025-04-12 07:01:48.447819,3171d89a,20.33,0,41.88043643924673
2025-04-12 07:02:18.447819,8aec6083,21.86,0,38.48657960182426
2025-04-12 07:02:48.447819,3486577c,17.36,0,60.94314595078909
2025-04-12 07:03:18.447819,8aec6083,22.78,1,62.14030797046231
2025-04-12 07:03:48.447819,3171d89a,20.62,1,46.01049325912926
2025-04-12 07:04:18.447819,a05e6feb,21.73,0,47.58275181056976
2025-04-12 07:04:48.447819,3171d89a,24.77,0,9.57123899849742
2025-04-12 07:05:18.447819,a05e6feb,19.65,0,41.07740838687264
2025-04-12 07:05:48.447819,a05e6feb,20.54,1,55.994484964826576
2025-04-12 07:06:18.447819,3171d89a,22.19,0,21.40524009329204
2025-04-12 07:06:48.447819,3171d89a,21.07,1,36.085717167792524
2025-04-12 07:07:18.447819,3171d89a,23.46,1,62.86911130707198
2025-04-12 07:07:48.447819,8aec6083,23.43,0,60.97108135377087
2025-04-12 07:08:18.447819,3486577c,23.83,1,21.640093975693325
2025-04-12 07:08:48.447819,3486577c,21.37,0,64.86474215697447
2025-04-12 07:09:18.447819,3171d89a,22.35,1,51.98814008874072
2025-04-12 07:09:48.447819,3486577c,24.07,0,67.45905875170764
2025-04-12 07:10:18.447819,8aec6083,19.45,0,63.52257978731346
2025-04-12 07:10:48.447819,3171d89a,20.77,1,50.822381374132185
2025-04-12 07:11:18.447819,8aec6083,20.03,1,29.86772081369532
2025-04-12 07:11:48.447819,3486577c,27.78,1,24.168557723475935
2025-04-12 07:12:18.447819,a05e6feb,21.69,0,37.3386959392995
2025-04-12 07:12:48.447819,a05e6feb,25.13,0,65.17764638506503
2025-04-12 07:13:18.447819,a05e6feb,21.76,0,51.50069656759638
2025-04-12 07:13:48.447819,3171d89a,18.85,0,51.743076472031724
2025-04-12 07:14:18.447819,a05e6feb,20.86,1,62.736795220598424
2025-04-12 07:14:48.447819,3486577c,19.99,0,42.58745647639647
2025-04-12 07:15:18.447819,3171d89a,20.25,1,59.47103331960466
2025-04-12 07:15:48.447819,a05e6feb,18.54,1,35.141819716514135
2025-04-12 07:16:18.447819,a05e6feb,20.64,1,58.63321284981279
2025-04-12 07:16:48.447819,a05e6feb,22.64,0,31.380736078845143
2025-04-12 07:17:18.447819,a05e6feb,20.52,1,71.95788022021588
2025-04-12 07:17:48.447819,3171d89a,24.98,0,72.16295992024375
2025-04-12 07:18:18.447819,3171d89a,22.58,1,61.44564138432492
2025-04-12 07:18:48.447819,3171d89a,23.24,1,66.8925819919644
2025-04-12 07:19:18.447819,a05e6feb,23.19,1,35.38328823143684
2025-04-12 07:19:48.447819,3486577c,23.07,0,46.267624499996344
2025-04-12 07:20:18.447819,3486577c,20.59,0,35.568955069485135
2025-04-12 07:20:48.447819,3486577c,16.95,1,62.215397850975876
2025-04-12 07:21:18.447819,3486577c,23.63,1,37.837776584853295
2025-04-12 07:21:48.447819,8aec6083,24.79,1,32.38508559540066
2025-04-12 07:22:18.447819,a05e6feb,20.65,0,36.788887909187444
2025-04-12 07:22:48.447819,3486577c,21.37,0,33.50452573494497
2025-04-12 07:23:18.447819,8aec6083,21.15,1,55.20273630433127
2025-04-12 07:23:48.447819,3486577c,22.35,0,40.70297229596749
2025-04-12 07:24:18.447819,8aec6083,19.26,1,43.88968289077476
2025-04-12 07:24:48.447819,3486577c,24.68,0,47.74335796611845
2025-04-12 07:25:18.447819,8aec6083,19.59,1,65.26538408653605
2025-04-12 07:25:48.447819,a05e6feb,22.16,1,53.94787376882773
2025-04-12 07:26:18.447819,a05e6feb,23.4,1,38.49454837505047
2025-04-12 07:26:48.447819,3171d89a,25.83,0,63.37491970702055
2025-04-12 07:27:18.447819,8aec6083,20.4,0,69.55169739983384
2025-04-12 07:27:48.447819,a05e6feb,21.56,1,36.39928809811405
2025-04-12 07:28:18.447819,8aec6083,23.18,1,56.99060971308223
2025-04-12 07:28:48.447819,8aec6083,23.04,1,53.03265972040285
2025-04-12 07:29:18.447819,3486577c,26.92,1,42.900334717998085
2025-04-12 07:29:48.447819,a05e6feb,20.65,1,45.342479844925776
2025-04-12 07:30:18.447819,3171d89a,22.64,0,48.97044656865942
2025-04-12 07:30:48.447819,3171d89a,17.69,1,41.21378970700242
2025-04-12 07:31:18.447819,8aec6083,20.89,0,32.47556922028751
2025-04-12 07:31:48.447819,3171d89a,20.4,1,57.29704158426027
2025-04-12 07:32:18.447819,8aec6083,22.37,0,65.26087077745198
2025-04-12 07:32:48.447819,a05e6feb,25.98,0,55.161122115271866
2025-04-12 07:33:18.447819,8aec6083,24.16,1,61.41168022392305
2025-04-12 07:33:48.447819,3486577c,21.63,1,52.66852270776696
2025-04-12 07:34:18.447819,3486577c,21.22,1,44.53362677303261
2025-04-12 07:34:48.447819,8aec6083,24.04,1,64.68962750468074
2025-04-12 07:35:18.447819,8aec6083,18.43,0,32.11892643275104
2025-04-12 07:35:48.447819,8aec6083,21.91,1,45.61239285288804
2025-04-12 07:36:18.447819,a05e6feb,21.37,0,59.81106103446383
2025-04-12 07:36:48.447819,3486577c,22.45,0,32.09083844594651
2025-04-12 07:37:18.447819,8aec6083,20.12,1,65.62596514990797
2025-04-12 07:37:48.447819,8aec6083,21.96,0,34.671121259085005
2025-04-12 07:38:18.447819,a05e6feb,21.54,0,29.190596391716493
2025-04-12 07:38:48.447819,8aec6083,23.75,1,37.15553426959352
2025-04-12 07:39:18.447819,3486577c,17.73,1,52.54590054286325
2025-04-12 07:39:48.447819,3486577c,21.83,1,28.629869572295227
2025-04-12 07:40:18.447819,3171d89a,22.22,0,47.17658941870175
2025-04-12 07:40:48.447819,a05e6feb,24.34,1,38.77011751967953
2025-04-12 07:41:18.447819,3171d89a,20.93,0,45.472347741093685
2025-04-12 07:41:48.447819,3171d89a,20.72,0,34.023589193053446
2025-04-12 07:42:18.447819,a05e6feb,19.49,0,42.44171835100596
2025-04-12 07:42:48.447819,3171d89a,25.86,0,68.42895632192545
2025-04-12 07:43:18.447819,a05e6feb,21.47,0,66.35759454084972
2025-04-12 07:43:48.447819,3171d89a,24.13,0,38.200956873525996
2025-04-12 07:44:18.447819,8aec6083,21.26,1,53.646684529374745
2025-04-12 07:44:48.447819,a05e6feb,23.02,1,63.11217745316027
2025-04-12 07:45:18.447819,3171d89a,23.08,0,47.31666444757563
2025-04-12 07:45:48.447819,a05e6feb,17.28,1,36.95323252648664
2025-04-12 07:46:18.447819,3171d89a,22.51,1,49.68947024277449
2025-04-12 07:46:48.447819,8aec6083,22.48,1,77.7538911134858
2025-04-12 07:47:18.447819,3171d89a,24.22,0,65.15470070955853
2025-04-12 07:47:48.447819,a05e6feb,23.64,1,59.53565213562436
2025-04-12 07:48:18.447819,3171d89a,23.73,1,50.01682593874257
2025-04-12 07:48:48.447819,3486577c,21.57,0,30.48982344296271
2025-04-12 07:49:18.447819,8aec6083,26.83,0,60.22300252322275
2025-04-12 07:49:48.447819,3486577c,20.1,1,67.11202615749166
2025-04-12 07:50:18.447819,8aec6083,24.07,0,61.6616074510649
2025-04-12 07:50:48.447819,8aec6083,22.65,0,53.62685694800171
2025-04-12 07:51:18.447819,3171d89a,22.13,0,59.961923233621604
2025-04-12 07:51:48.447819,3486577c,21.24,1,28.394022333486156
2025-04-12 07:52:18.447819,8aec6083,23.45,1,49.37257659564155
2025-04-12 07:52:48.447819,3171d89a,22.92,0,36.2724622365724
2025-04-12 07:53:18.447819,3486577c,21.26,0,29.899359603031854
2025-04-12 07:53:48.447819,a05e6feb,22.89,0,43.095509240346345
2025-04-12 07:54:18.447819,a05e6feb,21.11,1,40.8654601250367
2025-04-12 07:54:48.447819,8aec6083,20.78,0,50.27983788828217
2025-04-12 07:55:18.447819,a05e6feb,24.75,0,32.474708616044055
2025-04-12 07:55:48.447819,3171d89a,20.85,1,50.608233503811796
2025-04-12 07:56:18.447819,a05e6feb,22.93,0,55.154874165295716
2025-04-12 07:56:48.447819,3486577c,23.16,1,68.08085126544161
2025-04-12 07:57:18.447819,3171d89a,22.17,1,36.17137624862873
2025-04-12 07:57:48.447819,3171d89a,22.31,1,41.43230332311061
2025-04-12 07:58:18.447819,3171d89a,24.4,1,48.21138294805218
2025-04-12 07:58:48.447819,a05e6feb,22.15,0,57.526417184950816
2025-04-12 07:59:18.447819,3486577c,22.54,1,70.19902643478318
2025-04-12 07:59:48.447819,8aec6083,26.33,1,34.108586107167945
2025-04-12 08:00:18.447819,3486577c,22.12,1,39.50446293718169
2025-04-12 08:00:48.447819,3486577c,20.96,1,78.17156562601521
2025-04-12 08:01:18.447819,a05e6feb,22.8,0,53.86890914290342
2025-04-12 08:01:48.447819,8aec6083,26.2,0,34.14278231801504
2025-04-12 08:02:18.447819,8aec6083,20.63,0,61.57094855782178
2025-04-12 08:02:48.447819,3486577c,20.54,0,42.829728483895245
2025-04-12 08:03:18.447819,a05e6feb,21.96,0,59.748026178410846
2025-04-12 08:03:48.447819,8aec6083,21.07,1,28.493199668698043
2025-04-12 08:04:18.447819,3171d89a,24.26,1,52.691896469247006
2025-04-12 08:04:48.447819,3171d89a,18.35,1,61.784969538424626
2025-04-12 08:05:18.447819,3171d89a,22.18,0,53.40832133929381
2025-04-12 08:05:48.447819,8aec6083,19.46,1,59.86315207605751
2025-04-12 08:06:18.447819,3486577c,20.04,1,69.0338128852554
2025-04-12 08:06:48.447819,8aec6083,23.61,1,57.83230773341865
2025-04-12 08:07:18.447819,3486577c,18.78,1,69.11456507687963
2025-04-12 08:07:48.447819,a05e6feb,19.95,1,65.65031744584239
2025-04-12 08:08:18.447819,a05e6feb,22.62,1,51.90856945702578
2025-04-12 08:08:48.447819,3171d89a,24.28,0,55.531254191471604
2025-04-12 08:09:18.447819,3171d89a,24.32,1,65.81289462265154
2025-04-12 08:09:48.447819,8aec6083,24.61,1,75.82860214138475
2025-04-12 08:10:18.447819,3171d89a,20.8,1,49.540891273774996
2025-04-12 08:10:48.447819,8aec6083,20.37,1,64.43794898122974
2025-04-12 08:11:18.447819,a05e6feb,20.73,0,29.247460245628876
2025-04-12 08:11:48.447819,3486577c,21.94,0,42.433128779595506
2025-04-12 08:12:18.447819,8aec6083,22.76,1,40.83999673846573
2025-04-12 08:12:48.447819,3171d89a,21.29,0,37.78570302763515
2025-04-12 08:13:18.447819,3486577c,24.43,1,54.113506914594346
2025-04-12 08:13:48.447819,a05e6feb,18.81,0,65.83247229815939
2025-04-12 08:14:18.447819,3171d89a,24.15,1,40.751751424381496
2025-04-12 08:14:48.447819,8aec6083,22.22,1,54.33035057443987
2025-04-12 08:15:18.447819,8aec6083,25.72,0,31.312158362717653
2025-04-12 08:15:48.447819,8aec6083,23.13,1,68.4821012860931
2025-04-12 08:16:18.447819,a05e6feb,20.26,1,56.22989763858959
2025-04-12 08:16:48.447819,3171d89a,19.9,1,75.1223716116816
2025-04-12 08:17:18.447819,a05e6feb,21.96,0,69.00701423849485
2025-04-12 08:17:48.447819,a05e6feb,18.32,1,26.20135811947422
2025-04-12 08:18:18.447819,a05e6feb,19.8,0,61.125538999903945
2025-04-12 08:18:48.447819,3486577c,23.11,0,89.10710116663634
2025-04-12 08:19:18.447819,8aec6083,21.43,1,49.88024828775171
2025-04-12 08:19:48.447819,3171d89a,21.8,0,64.52867714869718
2025-04-12 08:20:18.447819,8aec6083,25.39,1,54.23003148456802
2025-04-12 08:20:48.447819,3486577c,23.11,1,37.85864762368212
2025-04-12 08:21:18.447819,3486577c,21.68,0,62.476757376021474
2025-04-12 08:21:48.447819,a05e6feb,27.43,0,48.60417939539518
2025-04-12 08:22:18.447819,8aec6083,23.57,1,70.63370079263254
2025-04-12 08:22:48.447819,3486577c,24.03,0,48.724437488338374
2025-04-12 08:23:18.447819,8aec6083,22.16,1,41.002334589110134
2025-04-12 08:23:48.447819,3486577c,24.65,1,49.88511278876091
2025-04-12 08:24:18.447819,3486577c,19.73,0,70.09937085507374
2025-04-12 08:24:48.447819,3486577c,26.5,0,62.936413748313385
2025-04-12 08:25:18.447819,a05e6feb,20.6,1,26.600650914302573
2025-04-12 08:25:48.447819,3486577c,23.33,1,49.02822373852608
2025-04-12 08:26:18.447819,3171d89a,17.69,1,38.29193720255972
2025-04-12 08:26:48.447819,3486577c,21.29,0,27.30145264165494
2025-04-12 08:27:18.447819,3171d89a,23.9,1,51.73228544169383
2025-04-12 08:27:48.447819,3171d89a,18.48,1,78.6368448076372
2025-04-12 08:28:18.447819,3486577c,20.97,1,49.571412187722565
2025-04-12 08:28:48.447819,3171d89a,25.25,1,41.88219679379891
2025-04-12 08:29:18.447819,3171d89a,20.62,0,52.06245891655451
2025-04-12 08:29:48.447819,3486577c,19.31,0,59.28340049765154
2025-04-12 08:30:18.447819,3486577c,24.74,1,40.82117410750483
2025-04-12 08:30:48.447819,8aec6083,20.45,1,41.38050129643285
2025-04-12 08:31:18.447819,3486577c,19.9,1,22.10984444881892
2025-04-12 08:31:48.447819,3486577c,20.93,1,79.50584950695747
2025-04-12 08:32:18.447819,a05e6feb,20.72,1,35.713189311187605
2025-04-12 08:32:48.447819,3486577c,22.08,0,58.26143519280711
2025-04-12 08:33:18.447819,a05e6feb,22.14,1,51.041447099536704
2025-04-12 08:33:48.447819,8aec6083,22.96,1,51.88050592309399
2025-04-12 08:34:18.447819,8aec6083,21.05,0,58.29110620073457
2025-04-12 08:34:48.447819,3171d89a,24.0,0,49.73318190682187
2025-04-12 08:35:18.447819,8aec6083,22.61,1,56.390813918034034
2025-04-12 08:35:48.447819,3171d89a,22.0,0,59.44390896643365
2025-04-12 08:36:18.447819,a05e6feb,20.45,0,62.172362554047915
2025-04-12 08:36:48.447819,a05e6feb,21.9,1,33.02798158182599
2025-04-12 08:37:18.447819,3486577c,25.13,1,18.37759243133436
2025-04-12 08:37:48.447819,3486577c,25.48,1,43.43972888317197
2025-04-12 08:38:18.447819,3486577c,23.61,0,74.46852720686363
2025-04-12 08:38:48.447819,8aec6083,21.04,0,52.74912537014562
2025-04-12 08:39:18.447819,3171d89a,24.86,1,39.85160104046998
2025-04-12 08:39:48.447819,8aec6083,22.44,1,41.25885060761039
2025-04-12 08:40:18.447819,3171d89a,23.76,0,86.8733506411638
2025-04-12 08:40:48.447819,8aec6083,21.91,1,30.052636670670545
2025-04-12 08:41:18.447819,8aec6083,22.29,0,36.87977651730694
2025-04-12 08:41:48.447819,8aec6083,20.77,1,62.476795013260094
2025-04-12 08:42:18.447819,8aec6083,22.56,0,34.075001206637644
2025-04-12 08:42:48.447819,8aec6083,19.53,1,79.62946152333512
2025-04-12 08:43:18.447819,3171d89a,24.38,1,25.04700111880286
2025-04-12 08:43:48.447819,8aec6083,26.09,1,22.06650866987459
2025-04-12 08:44:18.447819,3171d89a,20.3,1,67.99849833923219
2025-04-12 08:44:48.447819,a05e6feb,21.25,1,44.19627899474067
2025-04-12 08:45:18.447819,8aec6083,22.49,0,42.43899342880003
2025-04-12 08:45:48.447819,a05e6feb,23.29,1,59.02068105038224
2025-04-12 08:46:18.447819,8aec6083,20.03,0,18.665570103502702
2025-04-12 08:46:48.447819,a05e6feb,21.2,1,28.206499333745853
2025-04-12 08:47:18.447819,3171d89a,20.07,0,58.15853067668466
2025-04-12 08:47:48.447819,3486577c,19.34,1,57.49259926371093
2025-04-12 08:48:18.447819,a05e6feb,20.72,0,59.70368912035713
2025-04-12 08:48:48.447819,8aec6083,18.54,0,50.63903517413636
2025-04-12 08:49:18.447819,3171d89a,22.84,0,31.674696434770784
2025-04-12 08:49:48.447819,3486577c,22.2,0,63.531192133394406
2025-04-12 08:50:18.447819,a05e6feb,20.02,0,60.23496807920399
2025-04-12 08:50:48.447819,a05e6feb,24.98,1,49.51153333518696
2025-04-12 08:51:18.447819,3486577c,21.29,0,54.2826380566763
2025-04-12 08:51:48.447819,a05e6feb,22.61,0,44.14870110979298
2025-04-12 08:52:18.447819,3171d89a,20.64,0,36.41321388717957
2025-04-12 08:52:48.447819,3486577c,24.96,1,37.31573141602607
2025-04-12 08:53:18.447819,8aec6083,20.13,1,36.475879700009436
2025-04-12 08:53:48.447819,3486577c,20.72,0,37.92954166546025
2025-04-12 08:54:18.447819,3486577c,23.05,0,12.385511548638704
2025-04-12 08:54:48.447819,3486577c,18.0,1,44.34120188717841
2025-04-12 08:55:18.447819,8aec6083,25.48,1,53.911422267280926
2025-04-12 08:55:48.447819,3486577c,22.64,1,48.16650850239144
2025-04-12 08:56:18.447819,3486577c,20.59,0,41.33153741440925
2025-04-12 08:56:48.447819,8aec6083,18.84,1,58.65158910711732
2025-04-12 08:57:18.447819,3171d89a,23.72,1,61.90619067056562
2025-04-12 08:57:48.447819,3486577c,20.61,1,41.43943121933217
2025-04-12 08:58:18.447819,3486577c,18.53,1,34.5242632528329
2025-04-12 08:58:48.447819,3486577c,20.17,0,67.33489852146232
2025-04-12 08:59:18.447819,3486577c,21.83,0,35.381156168830856
2025-04-12 08:59:48.447819,3486577c,23.89,1,54.81104440122958
2025-04-12 09:00:18.447819,8aec6083,21.63,0,24.063187049695188
2025-04-12 09:00:48.447819,3486577c,21.56,1,24.651115029173795
2025-04-12 09:01:18.447819,8aec6083,24.34,0,33.70707737174509
2025-04-12 09:01:48.447819,8aec6083,20.64,0,67.48848654675453
2025-04-12 09:02:18.447819,8aec6083,24.03,0,51.575885462584736
2025-04-12 09:02:48.447819,a05e6feb,20.21,1,72.80159401051652
2025-04-12 09:03:18.447819,a05e6feb,19.14,1,58.442181439998095
2025-04-12 09:03:48.447819,3486577c,22.73,0,17.70610599925004
2025-04-12 09:04:18.447819,8aec6083,20.11,1,38.80776214970197
2025-04-12 09:04:48.447819,a05e6feb,24.5,0,56.150542153821306
2025-04-12 09:05:18.447819,3171d89a,24.93,0,42.34289019012086
2025-04-12 09:05:48.447819,8aec6083,16.07,1,48.23796222268322
2025-04-12 09:06:18.447819,8aec6083,18.88,1,63.87745708320807
2025-04-12 09:06:48.447819,8aec6083,22.61,0,49.35804867983815
2025-04-12 09:07:18.447819,a05e6feb,24.53,1,38.674649000990414
2025-04-12 09:07:48.447819,3486577c,21.46,1,36.43456388047481
2025-04-12 09:08:18.447819,3486577c,19.32,0,40.262696407621405
2025-04-12 09:08:48.447819,a05e6feb,21.57,1,64.13104137118285
2025-04-12 09:09:18.447819,8aec6083,27.03,0,33.673031554460096
2025-04-12 09:09:48.447819,3486577c,21.71,1,44.778348736741805
2025-04-12 09:10:18.447819,a05e6feb,23.64,1,32.50534003169014
2025-04-12 09:10:48.447819,a05e6feb,24.15,0,32.02253306210423
2025-04-12 09:11:18.447819,3486577c,22.01,1,54.825265829750116
2025-04-12 09:11:48.447819,3171d89a,23.19,1,56.60188093405175
2025-04-12 09:12:18.447819,a05e6feb,21.0,1,70.1085350036933
2025-04-12 09:12:48.447819,a05e6feb,17.45,0,25.45724715121827
2025-04-12 09:13:18.447819,3486577c,22.9,0,50.71887114293295
2025-04-12 09:13:48.447819,8aec6083,22.59,1,56.71330340750582
2025-04-12 09:14:18.447819,8aec6083,22.16,1,29.398788199163707
2025-04-12 09:14:48.447819,a05e6feb,19.34,0,35.14343728179188
2025-04-12 09:15:18.447819,3171d89a,22.51,1,72.4951566499597
2025-04-12 09:15:48.447819,8aec6083,18.25,0,57.633304596232364
2025-04-12 09:16:18.447819,3171d89a,21.62,0,40.04068892958067
2025-04-12 09:16:48.447819,8aec6083,25.1,1,59.2505850066249
2025-04-12 09:17:18.447819,8aec6083,19.32,1,56.7505105382735
2025-04-12 09:17:48.447819,a05e6feb,24.06,1,30.573320147883127
2025-04-12 09:18:18.447819,3486577c,25.25,1,63.18135085406281
2025-04-12 09:18:48.447819,3171d89a,22.65,0,36.29896449278106
2025-04-12 09:19:18.447819,8aec6083,23.98,1,68.2294878695968
2025-04-12 09:19:48.447819,3486577c,20.16,0,36.211480018224336
2025-04-12 09:20:18.447819,3171d89a,22.89,0,37.15135274418134
2025-04-12 09:20:48.447819,8aec6083,23.05,1,38.512061331304146
2025-04-12 09:21:18.447819,a05e6feb,21.25,1,19.00943259253387
2025-04-12 09:21:48.447819,3486577c,17.82,1,70.9338156749754
2025-04-12 09:22:18.447819,3171d89a,25.79,1,48.47426990192261
2025-04-12 09:22:48.447819,8aec6083,26.96,1,28.43372937604595
2025-04-12 09:23:18.447819,a05e6feb,19.6,1,56.39042660930346
2025-04-12 09:23:48.447819,3171d89a,23.9,0,68.00740829111561
2025-04-12 09:24:18.447819,3171d89a,20.85,0,76.1922229935511
2025-04-12 09:24:48.447819,3486577c,19.3,0,31.16184549170156
2025-04-12 09:25:18.447819,3171d89a,23.56,1,43.94521588643201
2025-04-12 09:25:48.447819,a05e6feb,24.26,0,30.79467694698499
2025-04-12 09:26:18.447819,8aec6083,22.59,0,75.78431853133202
2025-04-12 09:26:48.447819,3171d89a,24.35,1,62.88431020282842
2025-04-12 09:27:18.447819,3486577c,25.54,0,56.513976633626534
2025-04-12 09:27:48.447819,8aec6083,20.91,1,64.20290557070591
2025-04-12 09:28:18.447819,a05e6feb,21.64,1,47.52737058113841
2025-04-12 09:28:48.447819,3486577c,20.36,1,64.94025619668336
2025-04-12 09:29:18.447819,3171d89a,19.48,0,29.62563855419078
2025-04-12 09:29:48.447819,3486577c,21.57,1,50.238766252061005
2025-04-12 09:30:18.447819,3171d89a,23.99,1,71.51177094063435
2025-04-12 09:30:48.447819,a05e6feb,21.36,1,52.95003392364346
2025-04-12 09:31:18.447819,3486577c,20.21,0,46.017010265420694
2025-04-12 09:31:48.447819,8aec6083,23.3,0,66.89922892139073
2025-04-12 09:32:18.447819,8aec6083,25.44,1,44.57011294775948
2025-04-12 09:32:48.447819,a05e6feb,25.22,0,53.87705854253104
2025-04-12 09:33:18.447819,3486577c,22.74,1,55.504952023255626
2025-04-12 09:33:48.447819,3486577c,18.85,0,69.29789550234267
2025-04-12 09:34:18.447819,a05e6feb,19.95,0,56.881808858110546
2025-04-12 09:34:48.447819,8aec6083,21.68,0,40.88530871857806
2025-04-12 09:35:18.447819,8aec6083,23.16,0,31.92290152905043
2025-04-12 09:35:48.447819,a05e6feb,22.22,0,39.18722060476116
2025-04-12 09:36:18.447819,a05e6feb,21.7,0,60.0535501842575
2025-04-12 09:36:48.447819,a05e6feb,23.02,1,70.36365754547575
2025-04-12 09:37:18.447819,a05e6feb,25.84,1,41.42791580846724
2025-04-12 09:37:48.447819,a05e6feb,18.5,1,61.32016639298142
2025-04-12 09:38:18.447819,8aec6083,20.57,0,66.51523392294074
2025-04-12 09:38:48.447819,8aec6083,21.92,0,37.101270527779164
2025-04-12 09:39:18.447819,8aec6083,21.19,1,45.16572038070113
2025-04-12 09:39:48.447819,a05e6feb,25.12,1,80.46056920942516
2025-04-12 09:40:18.447819,3486577c,22.39,0,50.506620811257434
2025-04-12 09:40:48.447819,8aec6083,22.12,1,40.59166934822581
2025-04-12 09:41:18.447819,a05e6feb,21.6,1,44.23970383953432
2025-04-12 09:41:48.447819,3486577c,19.48,0,59.29987655655956
2025-04-12 09:42:18.447819,3486577c,21.32,0,24.43387802958918
2025-04-12 09:42:48.447819,3171d89a,21.23,0,35.059121647275184
2025-04-12 09:43:18.447819,a05e6feb,21.43,1,48.93147632186197
2025-04-12 09:43:48.447819,a05e6feb,22.45,1,38.76775268358958
2025-04-12 09:44:18.447819,3486577c,21.19,1,71.05083078636346
2025-04-12 09:44:48.447819,a05e6feb,24.27,0,65.04524741414355
2025-04-12 09:45:18.447819,8aec6083,24.87,1,45.044114179002904
2025-04-12 09:45:48.447819,8aec6083,23.78,0,28.043085087775058
2025-04-12 09:46:18.447819,3171d89a,22.25,0,60.4646891738213
2025-04-12 09:46:48.447819,3171d89a,20.85,1,53.19065336073054
2025-04-12 09:47:18.447819,3486577c,22.18,0,18.8077898499817
2025-04-12 09:47:48.447819,a05e6feb,18.56,0,47.138219853425774
2025-04-12 09:48:18.447819,a05e6feb,24.19,0,59.99035136372109
2025-04-12 09:48:48.447819,a05e6feb,24.42,1,40.356993680239135
2025-04-12 09:49:18.447819,3486577c,21.7,0,64.92957276945582
2025-04-12 09:49:48.447819,3171d89a,24.23,0,27.990664022758402
2025-04-12 09:50:18.447819,3171d89a,20.55,1,46.2384737457766
2025-04-12 09:50:48.447819,3171d89a,23.97,1,45.9396415567652
2025-04-12 09:51:18.447819,3171d89a,21.38,1,55.39541794327614
2025-04-12 09:51:48.447819,a05e6feb,21.23,0,46.00173228067434
2025-04-12 09:52:18.447819,3486577c,21.89,0,75.89035823358077
2025-04-12 09:52:48.447819,8aec6083,16.58,1,36.37566525940696
2025-04-12 09:53:18.447819,8aec6083,20.79,0,31.10284544705305
2025-04-12 09:53:48.447819,3486577c,24.98,1,70.03953163548748
2025-04-12 09:54:18.447819,8aec6083,18.38,1,45.58129700485706
2025-04-12 09:54:48.447819,a05e6feb,21.27,1,53.65613026739703
2025-04-12 09:55:18.447819,3486577c,22.53,1,37.77567477640932
2025-04-12 09:55:48.447819,a05e6feb,19.93,1,49.41069798183582
2025-04-12 09:56:18.447819,3486577c,16.81,0,63.1408405009269
2025-04-12 09:56:48.447819,3486577c,21.31,0,37.18126888948774
2025-04-12 09:57:18.447819,a05e6feb,23.08,0,50.288189635729005
2025-04-12 09:57:48.447819,3486577c,19.71,0,50.49678882573729
2025-04-12 09:58:18.447819,3171d89a,24.81,0,86.61049177380046
2025-04-12 09:58:48.447819,8aec6083,23.91,1,44.46184893611258
2025-04-12 09:59:18.447819,8aec6083,22.37,0,30.031048322321453
2025-04-12 09:59:48.447819,8aec6083,18.63,1,55.760217309013925
2025-04-12 10:00:18.447819,8aec6083,22.94,1,25.96960247676934
2025-04-12 10:00:48.447819,a05e6feb,24.35,0,47.67941903660053
2025-04-12 10:01:18.447819,3486577c,22.62,1,58.7764492723755
2025-04-12 10:01:48.447819,8aec6083,22.25,0,66.17332322995243
2025-04-12 10:02:18.447819,3171d89a,21.65,0,38.516990627942704
2025-04-12 10:02:48.447819,3171d89a,25.37,0,25.012972974589246
2025-04-12 10:03:18.447819,a05e6feb,17.79,1,26.216537300874897
2025-04-12 10:03:48.447819,3171d89a,19.22,1,67.40540452463289
2025-04-12 10:04:18.447819,3171d89a,24.14,0,77.28028547402562
2025-04-12 10:04:48.447819,3171d89a,18.48,1,82.36794398269897
2025-04-12 10:05:18.447819,8aec6083,21.53,1,53.80991488807165
2025-04-12 10:05:48.447819,a05e6feb,20.15,0,59.364410311186326
2025-04-12 10:06:18.447819,8aec6083,23.0,1,30.127837214993512
2025-04-12 10:06:48.447819,3171d89a,21.79,0,57.128827999709614
2025-04-12 10:07:18.447819,8aec6083,21.57,1,33.69665524498248
2025-04-12 10:07:48.447819,8aec6083,17.06,1,68.76655255148843
2025-04-12 10:08:18.447819,3486577c,22.36,0,29.78669970095769
2025-04-12 10:08:48.447819,3171d89a,20.12,0,71.52800163898598
2025-04-12 10:09:18.447819,8aec6083,23.04,1,63.744520723667904
2025-04-12 10:09:48.447819,3171d89a,22.51,0,63.3298607674957
2025-04-12 10:10:18.447819,a05e6feb,21.86,0,48.31596298486913
2025-04-12 10:10:48.447819,a05e6feb,23.92,0,37.76473997798999
2025-04-12 10:11:18.447819,3486577c,22.84,0,55.397374545457495
2025-04-12 10:11:48.447819,a05e6feb,23.76,1,56.48124834731958
2025-04-12 10:12:18.447819,3486577c,25.38,1,67.33586008458339
2025-04-12 10:12:48.447819,3171d89a,17.8,1,56.368119358335164
2025-04-12 10:13:18.447819,a05e6feb,22.91,1,67.40495533206843
2025-04-12 10:13:48.447819,a05e6feb,23.4,1,42.03276825827805
2025-04-12 10:14:18.447819,3486577c,24.07,1,36.275381620775114
2025-04-12 10:14:48.447819,3486577c,21.6,0,38.6268923152885
2025-04-12 10:15:18.447819,3486577c,23.72,1,74.57171706608622
2025-04-12 10:15:48.447819,a05e6feb,21.79,1,55.36862753657823
2025-04-12 10:16:18.447819,a05e6feb,20.19,0,33.150304784606554
2025-04-12 10:16:48.447819,3486577c,19.11,1,46.24785524843377
2025-04-12 10:17:18.447819,a05e6feb,23.29,0,62.57136002888035
2025-04-12 10:17:48.447819,3486577c,20.86,0,55.399566122066055
2025-04-12 10:18:18.447819,8aec6083,20.67,0,44.11407222365396
2025-04-12 10:18:48.447819,3171d89a,19.28,1,28.219981259287174
2025-04-12 10:19:18.447819,3486577c,21.41,0,60.58093459639832
2025-04-12 10:19:48.447819,8aec6083,21.2,1,50.00503228412482
2025-04-12 10:20:18.447819,a05e6feb,20.68,0,39.17317252914313
2025-04-12 10:20:48.447819,3171d89a,23.52,0,41.53169064813706
2025-04-12 10:21:18.447819,a05e6feb,23.3,0,62.0314105879748
2025-04-12 10:21:48.447819,8aec6083,22.19,1,60.14629580161639
2025-04-12 10:22:18.447819,3171d89a,19.5,1,37.194339066859406
2025-04-12 10:22:48.447819,8aec6083,26.81,1,50.57606358459885
2025-04-12 10:23:18.447819,a05e6feb,20.64,1,69.74216125783828
2025-04-12 10:23:48.447819,a05e6feb,18.51,0,59.609803841839934
2025-04-12 10:24:18.447819,a05e6feb,22.0,0,35.614502696608625
2025-04-12 10:24:48.447819,3486577c,22.97,0,29.796701939967363
2025-04-12 10:25:18.447819,3171d89a,21.46,1,28.23098617034495
2025-04-12 10:25:48.447819,a05e6feb,22.78,1,80.81107020575378
2025-04-12 10:26:18.447819,a05e6feb,19.17,0,56.692410328492095
2025-04-12 10:26:48.447819,3486577c,23.91,1,70.02638768147018
2025-04-12 10:27:18.447819,3171d89a,22.01,0,59.07504099064808
2025-04-12 10:27:48.447819,3486577c,22.13,1,31.00951586895059
2025-04-12 10:28:18.447819,a05e6feb,20.3,1,48.83625813249333
2025-04-12 10:28:48.447819,3171d89a,19.33,1,57.78422212399946
2025-04-12 10:29:18.447819,a05e6feb,21.11,1,76.53877186111295
2025-04-12 10:29:48.447819,a05e6feb,25.49,0,34.22357658589558
2025-04-12 10:30:18.447819,3171d89a,23.61,1,71.32382081288785
2025-04-12 10:30:48.447819,3486577c,20.53,1,77.02444212960567
2025-04-12 10:31:18.447819,3486577c,23.32,1,34.3919172990789
2025-04-12 10:31:48.447819,3171d89a,23.94,1,58.16945665773774
2025-04-12 10:32:18.447819,3486577c,20.85,0,39.11729055429344
2025-04-12 10:32:48.447819,3171d89a,19.31,0,67.47332378104814
2025-04-12 10:33:18.447819,3171d89a,24.06,1,45.698303649127425
2025-04-12 10:33:48.447819,3486577c,23.91,0,32.17306183584296
2025-04-12 10:34:18.447819,8aec6083,19.53,0,46.52169987522579
2025-04-12 10:34:48.447819,8aec6083,23.07,0,56.830165859573725
2025-04-12 10:35:18.447819,3486577c,23.84,0,69.58819921186249
2025-04-12 10:35:48.447819,3486577c,19.42,0,47.86840577956086
2025-04-12 10:36:18.447819,a05e6feb,23.88,0,60.93704712522092
2025-04-12 10:36:48.447819,8aec6083,22.48,0,61.951098927557396
2025-04-12 10:37:18.447819,3486577c,22.53,1,33.239370083425214
2025-04-12 10:37:48.447819,8aec6083,21.31,0,29.86726198343664
2025-04-12 10:38:18.447819,3486577c,23.82,1,37.294113909782055
2025-04-12 10:38:48.447819,a05e6feb,23.1,1,65.01622990268467
2025-04-12 10:39:18.447819,a05e6feb,20.65,0,64.34148483186439
2025-04-12 10:39:48.447819,3486577c,21.67,1,28.17724492656268
2025-04-12 10:40:18.447819,3171d89a,19.22,0,31.84210702085445
2025-04-12 10:40:48.447819,3486577c,19.02,1,67.20376736100364
2025-04-12 10:41:18.447819,3486577c,23.86,0,40.44866278316852
2025-04-12 10:41:48.447819,a05e6feb,22.83,0,44.397957002613346
2025-04-12 10:42:18.447819,3171d89a,19.53,0,36.470902857121196
2025-04-12 10:42:48.447819,3486577c,21.18,0,29.43312714832727
2025-04-12 10:43:18.447819,3486577c,22.82,0,38.034973211735704
2025-04-12 10:43:48.447819,3486577c,21.21,1,67.180052379423
2025-04-12 10:44:18.447819,3171d89a,26.34,0,59.28194197150116
2025-04-12 10:44:48.447819,a05e6feb,23.57,0,64.86944534959977
2025-04-12 10:45:18.447819,a05e6feb,17.66,0,50.7789572996805
2025-04-12 10:45:48.447819,a05e6feb,21.59,1,44.161800536696745
2025-04-12 10:46:18.447819,3486577c,21.16,1,51.48680895278251
2025-04-12 10:46:48.447819,3486577c,24.44,0,35.71227893688475
2025-04-12 10:47:18.447819,3171d89a,19.87,1,64.38510411882949
2025-04-12 10:47:48.447819,3171d89a,21.58,1,40.13927530610718
2025-04-12 10:48:18.447819,3486577c,22.12,0,33.574983639890085
2025-04-12 10:48:48.447819,a05e6feb,22.45,1,44.13402772221334
2025-04-12 10:49:18.447819,3171d89a,21.64,0,58.73147041752092
2025-04-12 10:49:48.447819,3486577c,21.84,1,50.08552514115103
2025-04-12 10:50:18.447819,a05e6feb,21.98,1,69.00815284809205
2025-04-12 10:50:48.447819,3486577c,18.48,0,32.65446333614654
2025-04-12 10:51:18.447819,8aec6083,22.4,0,64.52190144821026
2025-04-12 10:51:48.447819,8aec6083,17.64,1,74.33147897926423
2025-04-12 10:52:18.447819,8aec6083,20.94,1,32.15821393076932
2025-04-12 10:52:48.447819,8aec6083,25.17,1,43.19070316182664
2025-04-12 10:53:18.447819,3171d89a,21.63,1,24.83819675906969
2025-04-12 10:53:48.447819,8aec6083,22.86,0,29.810276601322478
2025-04-12 10:54:18.447819,3486577c,19.05,1,56.12848649656274
2025-04-12 10:54:48.447819,8aec6083,22.68,0,69.80763458619734
2025-04-12 10:55:18.447819,3486577c,20.53,1,36.628557087487934
2025-04-12 10:55:48.447819,8aec6083,20.05,1,27.96207209517285
2025-04-12 10:56:18.447819,8aec6083,24.05,0,58.39050953385419
2025-04-12 10:56:48.447819,a05e6feb,20.05,0,55.9368390311143
2025-04-12 10:57:18.447819,3486577c,21.49,1,31.289166706421113
2025-04-12 10:57:48.447819,3486577c,21.73,0,66.05144006651457
2025-04-12 10:58:18.447819,3486577c,20.29,0,61.747064715130364
2025-04-12 10:58:48.447819,8aec6083,22.92,1,45.67276942667009
2025-04-12 10:59:18.447819,3171d89a,18.42,0,54.89634879130617
2025-04-12 10:59:48.447819,3486577c,23.05,0,36.480338821633424
2025-04-12 11:00:18.447819,a05e6feb,20.27,1,68.11466801225221
2025-04-12 11:00:48.447819,3486577c,20.7,0,62.271969691008245
2025-04-12 11:01:18.447819,a05e6feb,21.98,0,65.38387048977609
2025-04-12 11:01:48.447819,3171d89a,26.1,0,42.906650942167786
2025-04-12 11:02:18.447819,8aec6083,24.53,0,29.075544541234247
2025-04-12 11:02:48.447819,3171d89a,20.57,1,56.04924866875146
2025-04-12 11:03:18.447819,3486577c,21.98,0,48.240468676572334
2025-04-12 11:03:48.447819,8aec6083,18.15,0,35.815615829439665
2025-04-12 11:04:18.447819,a05e6feb,19.49,0,31.26205844262532
2025-04-12 11:04:48.447819,3486577c,19.68,0,61.73123821841137
2025-04-12 11:05:18.447819,a05e6feb,19.0,1,56.419836015491214
2025-04-12 11:05:48.447819,8aec6083,21.49,1,34.39633722372311
2025-04-12 11:06:18.447819,8aec6083,21.06,0,69.12985503055297
2025-04-12 11:06:48.447819,8aec6083,21.54,0,59.56968697959468
2025-04-12 11:07:18.447819,3486577c,21.09,1,40.73322099909695
2025-04-12 11:07:48.447819,8aec6083,17.69,1,35.44960627603888
2025-04-12 11:08:18.447819,3171d89a,20.09,1,49.15655475623705
2025-04-12 11:08:48.447819,8aec6083,22.19,0,67.03004626282603
2025-04-12 11:09:18.447819,3171d89a,22.7,0,50.150774389532614
2025-04-12 11:09:48.447819,a05e6feb,22.02,0,39.969046386273064
2025-04-12 11:10:18.447819,3171d89a,20.67,1,46.68626991870798
2025-04-12 11:10:48.447819,a05e6feb,20.08,1,53.27639960496866
2025-04-12 11:11:18.447819,3486577c,18.89,1,69.2776659647184
